id,nome,ultimo_status,ultima_execucao,taxa_sucesso_pct,coletado_em
4a09c14d-81f1-48b3-bf88-d179a8104f3c,BONDS - PG_SI_APP_APP_READER - SNOW_RAW_STATUS_INVEST,success,2026-08-27T09:30Z,97.6,2026-08-27T14:20:47.417518+00:00
5f245b95-27a1-4914-98bc-096f7284dbab,HISTORY - PG_SI_APP_READER - SNOW_RAW_STATUS_INVEST,success,2026-08-27T09:30:01Z,96.9,2026-08-27T14:20:47.417536+00:00
45bb5027-f991-4f30-a37f-81534c9a16e3,OPTIONS - PG_SI_APP_READER - SNOW_RAW_STATUS_INVEST,success,2026-08-27T09:00:02Z,97.9,2026-08-27T14:20:47.417540+00:00
7c1d9e28-a67b-4f0a-831e-dfef70578e47,FIIS - PG_SUNO_SI_APP_READER - SNOW_RAW_SUNO_LEGADO,success,2026-08-27T08:30:01Z,97.8,2026-08-27T14:20:47.417543+00:00
a15e69e2-814d-42bf-943b-3d86712bc872,CONSULTORIA - AuC Assessoria → Snowflake - Cadastro Consultoria,success,2026-07-15T03:44:49Z,100.0,2026-08-27T14:20:47.417546+00:00
6662a2f1-c06b-4494-a996-d4289872ba6b,Twilio Taskrouter → Snowflake RAW_SUNO_LEGADO.PROJ_IA_WA_RS,success,2025-08-15T21:38:46Z,100.0,2026-08-27T14:20:47.417548+00:00
5be446c9-e5cc-4c53-adf8-76d4e9ec634a,SUNO - SQL_SERVER_NEXXUS_SUNO - SNOW_RAW_SUNO_LEGADO_NEXXUS,success,2026-08-27T07:30:01Z,96.7,2026-08-27T14:20:47.417551+00:00
ceba8008-0786-4211-ba9b-6c20d1374502,Google Sheets - PEERS_FUNDS_SUNO → Snowflake - RAW_SUNO_LEGADO - ASSET,success,2026-08-27T14:15Z,99.5,2026-08-27T14:20:47.417556+00:00
59d8b9df-c0e3-4e5c-8d48-95afb61df238,Supabase → Snowflake - RAW_SUNO_LEGADO - SUNO_CODE,success,2026-08-27T13:00:01Z,99.7,2026-08-27T14:20:47.417559+00:00
80290713-fc1b-4cf2-9c29-ec5fef7ceaa9,Google Sheets - SUNOCODE ALWAYS ON → Snowflake - RAW_MARKETING - MARKETING,success,2026-08-27T12:00:01Z,99.8,2026-08-27T14:20:47.417562+00:00
c4fd546a-c5bb-442c-adde-dd0c0a8abeff,Google Sheets - Bases XP SEGUROS → Snowflake RAW_SUNO_LEGADO - ASSESSORIA,success,2026-08-27T14:00Z,100.0,2026-08-27T14:20:47.417564+00:00
809885d2-aa39-414d-a4e5-c680bd445f8b,Google Sheets - Equipe → Snowflake RAW_SUNO_LEGADO - ASSESSORIA,success,2026-08-26T15:00:02Z,100.0,2026-08-27T14:20:47.417566+00:00
76041c8e-372a-48f6-8c6c-c8cd17ad5cde,Google Sheets - CANAL VS LEAD → Snowflake - RAW_MARKETING - MARKETING,success,2026-08-26T16:00Z,100.0,2026-08-27T14:20:47.417569+00:00
6f8f89d8-6455-4d90-8cbc-12ab9b8de181,FIAGRO - PG_SI_APP_APP_READER - SNOW_RAW_STATUS_INVEST,success,2026-08-27T09:30:01Z,97.6,2026-08-27T14:20:47.417571+00:00
e1214b2b-0a97-4aa5-ac0e-254489ae6509,Google Sheets - Cadastro Consultoria → Snowflake,success,2026-08-27T09:00:02Z,99.4,2026-08-27T14:20:47.417573+00:00
37b07f80-2700-4fe9-a10e-62294b624fd8,Google Sheets - SUNOCODE 03/2025 → Snowflake - RAW_MARKETING - MARKETING,success,2025-04-30T09:00:02Z,100.0,2026-08-27T14:20:47.417576+00:00
d7c2d4ae-ffc2-4141-b0e3-c968cdbec711,Google Sheets - BASES CS4 - Acompanhamento Produção Emissão → Snowflake RAW_SUNO_LEGADO - ASSESSORIA,success,2026-08-26T15:00:03Z,100.0,2026-08-27T14:20:47.417578+00:00
237199f0-4810-4613-8229-c6904f3b57e3,Google Sheets - META_LEADS → Snowflake - RAW_MARKETING - MARKETING,success,2026-08-26T19:00Z,100.0,2026-08-27T14:20:47.417580+00:00
32ef74b7-bf18-460b-91fc-f34b1e1de958,PAYMENTS - PG_SUNO - SNOW_RAW_SUNO_LEGADO,success,2026-08-26T19:00:01Z,99.4,2026-08-27T14:20:47.417583+00:00
677151fb-7c9d-49e1-ae89-5afc9ec983c3,STATISTICS - PG_SI_APP_READER - SNOW_RAW_STATUS_INVEST,success,2026-08-27T10:00Z,97.9,2026-08-27T14:20:47.417585+00:00
8b2adbe2-7fe8-49da-a9f5-3bc24e35cbf6,Postgres - SUNO CORE PROD Daily → Snowflake - RAW_SUNO_CORE  - SUNO_CORE_PROD,success,2026-08-27T10:30:05Z,99.2,2026-08-27T14:20:47.417587+00:00
548cf28d-9938-43fc-bde3-9d9399f51b66,ASSETS - PG_SI_APP_READER - SNOW_RAW_STATUS_INVEST,success,2026-08-27T08:30Z,97.4,2026-08-27T14:20:47.417589+00:00
915140b0-0f5d-4db3-8090-db9b8010838e,Google Sheets - LEAD_MAGNETS_TRACKING → Snowflake - RAW_MARKETING - MARKETING,success,2026-08-27T11:00Z,99.8,2026-08-27T14:20:47.417592+00:00
7e599bb1-e300-4c67-ba47-ed9564535e37,SECTORS - PG_SI_APP_READER - SNOW_RAW_STATUS_INVEST,success,2026-08-27T09:00:02Z,97.7,2026-08-27T14:20:47.417594+00:00
b1715420-95e8-44cd-806c-1adf6bb4561c,INTEGRATION - PG_SI_APP_READER - SNOW_RAW_STATUS_INVEST,success,2026-08-27T10:00:01Z,97.9,2026-08-27T14:20:47.417596+00:00
fd1e9790-10b5-418f-8d55-58ef73c640f3,Google Sheets - BASE METAS MARKETING CAMPANHAS SETEMBRO → Snowflake - RAW_MARKETING - MARKETING,failed,2026-04-17T10:05:47Z,99.1,2026-08-27T14:20:47.417598+00:00
5d5f9d11-13d5-4a5b-92b8-41107f6ef613,CRYPTOCOINS - PG_SI_APP_APP_READER - SNOW_RAW_STATUS_INVEST,success,2026-08-27T09:30Z,97.6,2026-08-27T14:20:47.417600+00:00
5ad517f4-569c-4ffe-bcb2-a0e5e82cec46,ETF - PG_SUNO_APP_READER - SNOW_RAW_SUNO_LEGADO,success,2026-08-27T09:00:03Z,97.9,2026-08-27T14:20:47.417603+00:00
23812f93-58f6-468b-a5f4-c2a9c597b7c1,Google Ads → Snowflake - RAW_MARKETING - GOOGLE_ADS,success,2026-08-27T07:00Z,92.8,2026-08-27T14:20:47.417605+00:00
5b35b2b4-fb38-4d83-ae06-066495670a3c,Google Sheets - Sunocode 02/2025 → Snowflake - RAW_MARKETING - MARKETING,success,2025-03-06T13:34:54Z,100.0,2026-08-27T14:20:47.417607+00:00
a9a043df-a023-4ae0-8a0a-8947f262ea54,HubSpot → Snowflake - RAW_MARKETING_CRM,failed,2025-04-10T23:41:10Z,20.0,2026-08-27T14:20:47.417609+00:00
8bdd9242-6ee0-44c5-a899-bf133697f807,Postgres PROJ IA → Snowflake RAW_SUNO_LEGADO.PROJ_IA_WA_RS,success,2026-08-27T06:00Z,99.7,2026-08-27T14:20:47.417611+00:00
d4999940-c81c-4069-a501-c999fd89bc67,Google Sheets - BI Cotação USD → Snowflake RAW_SUNO_LEGADO - ASSESSORIA,success,2026-08-27T14:00:01Z,100.0,2026-08-27T14:20:47.417614+00:00
1d0b3025-c7a6-4d41-b3a6-dd7039dac570,Google Sheets - METAS_DIA_CANAL_ACAO → Snowflake - RAW_MARKETING - MARKETING,success,2026-08-27T11:30:01Z,99.7,2026-08-27T14:20:47.417616+00:00
b5e074b9-b16c-4039-92d4-da8e7bc974c6,WALLET - PG_SI_WALLET_READER POSITIONBROKER → SNOW_RAW_STATUS_INVEST,success,2026-08-27T09:00Z,97.8,2026-08-27T14:20:47.417618+00:00
208fb32f-1548-409d-8550-b81cd89aff35,Google Sheets - Sunocode 01/2025 → Snowflake - RAW_MARKETING - MARKETING,success,2025-02-20T17:00:07Z,100.0,2026-08-27T14:20:47.417620+00:00
05c4b87d-a3af-446a-b4cc-cbf6c2a48f23,Google Sheets → Snowflake - RAW_MARKETING - MARKETING,success,2026-08-27T09:00:03Z,99.9,2026-08-27T14:20:47.417622+00:00
73455d19-5318-4c5c-aa52-c3c71c8d2ef5,BDRS - PG_SI_APP_READER - SNOW_RAW_STATUS_INVEST,success,2026-08-27T08:30:01Z,97.4,2026-08-27T14:20:47.417625+00:00
8e574285-cff1-4cba-b457-644a2abbeae0,Instagram MEDIA → Snowflake - RAW_MARKETING - INSTAGRAM,running,2026-08-26T04:00:03Z,96.1,2026-08-27T14:20:47.417627+00:00
98b24884-de24-4d7e-b484-8570148ca856,Google Sheets - SUNOCODE 07/2025 → Snowflake - RAW_MARKETING - MARKETING,success,2025-08-18T09:00:04Z,100.0,2026-08-27T14:20:47.417629+00:00
e2b9284c-420a-4c6c-b071-d524bbc943de,Google Sheets - SUNOCODE 05/2025 → Snowflake - RAW_MARKETING - MARKETING,success,2025-06-09T09:00:03Z,100.0,2026-08-27T14:20:47.417631+00:00
a4525850-86b3-41bb-afb6-730925c715d1,Google Sheets - COMUNIDADE_VIVA_DIVIDENDOS_CONTATOS → Snowflake - RAW_MARKETING - MARKETING,success,2026-08-26T17:00Z,100.0,2026-08-27T14:20:47.417634+00:00
4510372f-9143-4e2d-b03c-7812605ee9ec,Google Sheets - WEALTH → Snowflake - WEALTH,success,2026-08-26T16:00:01Z,100.0,2026-08-27T14:20:47.417636+00:00
51a1d5d9-107e-4a66-b6c7-c47253b79e18,STOCKS - PG_SI_APP_READER - SNOW_RAW_STATUS_INVEST,success,2026-08-27T08:00Z,97.4,2026-08-27T14:20:47.417638+00:00
09272f7c-2474-4648-a562-772718632c79,Google Sheets - Bases XP - Ajuste → Snowflake RAW_SUNO_LEGADO - ASSESSORIA,success,2025-05-21T22:06:41Z,100.0,2026-08-27T14:20:47.417640+00:00
ce0fe804-a5b4-41bb-8756-a5f0cfd8ca88,Postgres - Status Invest - Wallet Reader → Snowflake - RAW STATUS_INVEST,success,2026-08-26T20:44:04Z,100.0,2026-08-27T14:20:47.417642+00:00
3386e6ff-87cf-4c56-aca7-7da141afeef7,Salesforce → Snowflake - RAW_SALESFORCE - Salesforce,running,2026-08-27T14:00:08Z,90.2,2026-08-27T14:20:47.417645+00:00
875f4425-a9b7-45d8-98b5-b2943fb2a7b5,Google Sheets - BI QTD_ASSESSORES → Snowflake RAW_SUNO_LEGADO - ASSESSORIA,success,2026-08-26T16:00Z,100.0,2026-08-27T14:20:47.417647+00:00
970d6a52-44b6-44b9-bf78-0876315b21b5,Facebook Marketing - Suno Research → Snowflake - MIDIAS_PAGAS,skipped,2025-11-06T22:54:19Z,0.0,2026-08-27T14:20:47.417649+00:00
ec4c514b-8b0c-4292-866c-b212c903d0ba,SECURITY - PG_SI_APP_READER - SNOW_RAW_STATUS_INVEST,success,2026-08-27T08:00Z,98.9,2026-08-27T14:20:47.417651+00:00
2e56b056-2f59-46a2-834f-4b2d4867109d,Postgres - datahub → Snowflake - RAW_SUNO_LEGADO - HOTMART,success,2025-08-06T00:00:21Z,100.0,2026-08-27T14:20:47.417653+00:00
0d98f09b-148c-427c-b35b-79fd89daa949,Postgres - SUNO CORE PROD → Snowflake - RAW_SUNO_CORE  - SUNO_CORE_PROD,success,2026-08-27T14:00:08Z,99.8,2026-08-27T14:20:47.417655+00:00
c9de6ee6-dd80-4b14-bf4a-5b790f8396e1,Google Sheets - PVP_QUANTUM → Snowflake - RAW_SUNO_LEGADO - ASSET,success,2026-08-27T04:00Z,99.6,2026-08-27T14:20:47.417658+00:00
5bd74dda-e532-4e92-a543-05498761c901,Google Sheets - MAGNET VS NEGÓCIO → Snowflake - RAW_MARKETING - MARKETING,success,2026-08-27T09:00Z,99.7,2026-08-27T14:20:47.417660+00:00
d77e3767-049a-47dd-a225-7e4a265b3643,INDICES - PG_SI_APP_READER - SNOW_RAW_STATUS_INVEST,success,2026-08-27T09:00:03Z,97.4,2026-08-27T14:20:47.417662+00:00
8e8b87e5-a182-48f4-ab84-82212216f1a3,Snowflake-SERVING_LAYER-MARKETING → Supabase - Production,skipped,2026-03-25T18:05:16Z,,2026-08-27T14:20:47.417664+00:00
4f870f22-cc2a-4fe1-8846-1845e65ebfee,WALLET - PG_SI_WALLET_READER→ SNOW_RAW_STATUS_INVEST,success,2026-08-27T10:30:01Z,96.9,2026-08-27T14:20:47.417667+00:00
d56a1404-2429-48c8-a012-0906df3fee69,Postgres SUNO app_api → Snowflake RAW SUNO_LEGADO,success,2026-08-27T10:00:01Z,99.8,2026-08-27T14:20:47.417669+00:00
c60853ed-b9da-417c-ba82-a18cea427ba6,Postgres - SUNO CORE DEV → Snowflake RAW_SUNO_CORE_DEV,success,2026-07-14T13:54:55Z,96.5,2026-08-27T14:20:47.417671+00:00
82aa51f9-b0ca-48a0-9aef-a0e3a54aa042,Postgres SUNO app_api PHONE_VALIDATION → Snowflake RAW SUNO_LEGADO,failed,2026-03-05T20:00Z,99.6,2026-08-27T14:20:47.417673+00:00
ceeffe40-4951-4206-9699-58d9a093c46d,Google Sheets - META ANIVERSARIO 2025 → Snowflake - RAW_MARKETING - MARKETING,success,2026-08-27T12:00:01Z,99.8,2026-08-27T14:20:47.417675+00:00
0977051e-a19b-4140-ace3-a67ec1775fe7,Google Sheets - WEALTH_AUM_XP_US → Snowflake - RAW_SUNO_LEGADO - WEALTH,success,2026-08-26T16:30:01Z,100.0,2026-08-27T14:20:47.417677+00:00
f4587ca1-786f-464a-bd15-fee6cac2cc56,Google Sheets - SUNOCODE 11/2025 → Snowflake - RAW_MARKETING - MARKETING,success,2026-08-26T18:35:37Z,99.9,2026-08-27T14:20:47.417679+00:00
56f0de5d-aa42-4d53-b757-12940e91f589,Instagram → Snowflake - RAW_MARKETING - INSTAGRAM,success,2026-08-27T09:00Z,98.4,2026-08-27T14:20:47.417681+00:00
4f0ec015-8a73-45fb-9b1e-a8cdfe393c1a,HOURLY UPDATE - Salesforce → Snowflake - RAW_SALESFORCE - Salesforce,success,2026-08-27T13:00:01Z,88.1,2026-08-27T14:20:47.417684+00:00
8ba67994-cc7a-46fa-9527-4c2993907dde,INDEXERS - PG_SI_APP_READER - SNOW_RAW_STATUS_INVEST,success,2026-08-27T09:30:01Z,97.8,2026-08-27T14:20:47.417686+00:00
d922614d-c46d-446a-9040-b3f0370d2097,Monday - CONSULTORIA STVM → Snowflake - CONSULTORIA MONDAY,success,2026-08-27T05:00Z,100.0,2026-08-27T14:20:47.417688+00:00
f89fe5f6-595b-4b6c-8cd5-e346e114cca4,Google Sheets - POWER_AUTOMATE → Snowflake - RAW_SUNO_LEGADO - SUNO,failed,2026-03-05T19:30:01Z,99.7,2026-08-27T14:20:47.417690+00:00
0c62a057-9854-4432-894d-2fa7e175a1b9,Amazon SQS - SUBSCRIBER_EVENTS → S3 - SQS - CSV,skipped,2025-04-04T13:04:29Z,100.0,2026-08-27T14:20:47.417692+00:00
846e257d-8302-481c-bb01-11ba8b4eb733,Google Sheets - BASE_METAS MARKETING → Snowflake - RAW_MARKETING - MARKETING,success,2026-08-27T12:00Z,99.8,2026-08-27T14:20:47.417695+00:00
3f56310d-ffc2-4149-9f6a-15124ff7f382,Google Sheets - ASSET_LISTA_CRIS → Snowflake - RAW_SUNO_LEGADO - ASSET,success,2026-08-27T11:00Z,98.8,2026-08-27T14:20:47.417697+00:00
df9cd9ea-3317-4020-b675-515fe764ebb2,FUNDOSINVESTIMENTOS - PG_SI_APP_READER - SNOW_RAW_STATUS_INVEST,success,2026-08-27T08:30:01Z,97.4,2026-08-27T14:20:47.417699+00:00
748a5e2b-7de9-49b5-bba7-50edfb444752,SQL Server - NEXXUS - SUNO → Snowflake RAW.NEXXUS,success,2026-08-27T14:05:48Z,100.0,2026-08-27T14:20:47.417701+00:00
0987bf5b-66f1-4e90-90a9-e48813fa232a,Google Sheets - Clientes Consultoria → Snowflake - RAW_SUNO_LEGADO - CONSULTORIA,success,2026-08-27T09:00:02Z,99.9,2026-08-27T14:20:47.417703+00:00
37fb6f66-435c-45a4-b101-d10ddebd0133,Google Sheets - SALDOS_BTG_XP → Snowflake - RAW_SUNO_LEGADO - ASSET,success,2026-08-26T16:30:01Z,99.4,2026-08-27T14:20:47.417705+00:00
12ed3b4d-4f9a-4281-8547-e177c74f015b,BASE - PG_SI_APP_APP_READER - SNOW_RAW_STATUS_INVEST,success,2026-08-27T08:00:01Z,97.8,2026-08-27T14:20:47.417720+00:00
963d963d-c99b-491c-8b2f-888932896b47,YouTube Analytics - Baroni → Snowflake - RAW_MARKETING - YOUTUBE,success,2025-07-15T01:00:03Z,85.2,2026-08-27T14:20:47.417723+00:00
061a3c2d-cf9e-4a16-b24f-21c732aceaad,MEMBROS_WP -  PG_SUNO - SNOW_RAW_SUNO_LEGADO,success,2025-08-10T04:00:03Z,100.0,2026-08-27T14:20:47.417726+00:00
5cff4403-60e7-49ba-8ded-23d0b12b387f,Postgres - SUNO MINUTO → Snowflake RAW SUNO_LEGADO,success,2026-08-27T05:00Z,99.7,2026-08-27T14:20:47.417728+00:00
4a1fe662-2fbc-4af0-8741-862a90733fba,WALLETSTATISTICS - PG_SI_WALLET_READER DAILYSTATISTICS→ SNOW_RAW_STATUS_INVEST,skipped,2025-11-17T19:59:26Z,98.1,2026-08-27T14:20:47.417730+00:00
0dabe0fa-c09c-4f19-8243-af7274405a7f,Google Sheets - BI METAS → Snowflake RAW_SUNO_LEGADO - ASSESSORIA,success,2026-08-26T15:00:03Z,100.0,2026-08-27T14:20:47.417732+00:00
688b34d0-86df-465f-a166-2352006541bf,CURRENCY - PG_SI_APP_APP_READER - SNOW_RAW_STATUS_INVEST,success,2026-08-27T08:00:01Z,99.2,2026-08-27T14:20:47.417734+00:00
5a2a30c8-b3f0-4d78-ab94-c26b4ed13c05,BigQuery → Snowflake - RAW_MARKETING - GA4,success,2026-03-08T05:00:01Z,93.4,2026-08-27T14:20:47.417736+00:00
f216b9e4-27a5-4fd9-93fa-16567fc47edc,Google Sheets - SUNOCODE 04/2025 → Snowflake - RAW_MARKETING - MARKETING,success,2025-06-09T09:00:03Z,100.0,2026-08-27T14:20:47.417738+00:00
26e706ec-a3ca-4b9a-8703-9b925a403634,SUNO_NOTICIAS_WP - MYSQL_SUNO - SNOW_RAW_SUNO_LEGADO,success,2025-08-10T04:00:03Z,99.0,2026-08-27T14:20:47.417741+00:00
739167ab-2e29-49fc-850f-33d95b604d0c,SQS - suno-analytics → Snowflake RAW SUNO_LEGADO,skipped,2025-03-18T21:43:24Z,,2026-08-27T14:20:47.417743+00:00
cbaab7c3-d9eb-49ff-a2db-cc67054d553c,Google Sheets - Fundos e Pares → Snowflake - RAW_MARKETING - MIDIAS,success,2026-08-26T16:00Z,100.0,2026-08-27T14:20:47.417745+00:00
1993096c-9afd-4f2a-8bd1-3c300ab03daa,Google Sheets - Tasks Time Dados → Snowflake - DEV TIME DADOS,success,2025-08-09T15:00:04Z,99.4,2026-08-27T14:20:47.417747+00:00
e10ef7f6-86c8-4533-8275-28cbe38a6cfe,WALLETSTATISTICS - PG_SI_WALLET_READER GENERALSTATISTICS→ SNOW_RAW_STATUS_INVEST,success,2026-08-27T11:30:01Z,98.2,2026-08-27T14:20:47.417749+00:00
a428a846-88cd-4b4d-8d95-116439a9c2c7,SALES - PG_SI_APP - SNOW_RAW_STATUS_INVEST,success,2026-08-26T18:00:01Z,95.1,2026-08-27T14:20:47.417752+00:00
dfd62be4-f2a5-47c8-9471-af1eedc5d665,Google Sheets - INSTAGRAM_VISAO_SEMANAL → Snowflake - RAW_MARKETING - MARKETING,success,2026-08-25T11:00:03Z,100.0,2026-08-27T14:20:47.417754+00:00
4a3f1a36-b471-4e82-8091-5a1856b92725,SUNO_OMS - SQL_SERVER_NEXXUS_SUNO_OMS - SNOW_RAW_SUNO_LEGADO_NEXXUS,success,2026-08-27T07:30Z,96.9,2026-08-27T14:20:47.417756+00:00
279ba07c-69cc-4426-b351-d10c3c01bd7e,AAI - PG_SI_APP - SNOW_RAW_STATUS_INVEST,success,2026-08-27T09:00:03Z,97.6,2026-08-27T14:20:47.417758+00:00
a68c3228-faea-4ce7-8335-1784ed78003c,Google Sheets - DE_PARA_PRODUCTS_HOTMART → Snowflake - RAW_SUNO_LEGADO - HOTMART,success,2025-05-21T22:48:03Z,66.7,2026-08-27T14:20:47.417761+00:00
6c9e7c3b-4181-4c18-b062-32484015a2d2,Google Sheets - LEADS_FUNIL_SUBFUNIL_DE_PARA → Snowflake - RAW_MARKETING - LEADS,success,2026-08-27T12:00Z,99.9,2026-08-27T14:20:47.417763+00:00
7b65e55a-2de9-4a2c-96f0-a1f927689829,Postgres - SUNO CORE PROD → Snowflake - STG_SUNO_CORE  - SUNO_CORE_STG,success,2025-12-11T13:00:01Z,100.0,2026-08-27T14:20:47.417765+00:00
ba1f277e-9685-4f09-b6f8-2d44320eafa8,Postgres - Status Invest - CONSOLIDATIONHISTORY→ Snowflake - RAW STATUS_INVEST,success,2026-08-27T06:00Z,99.5,2026-08-27T14:20:47.417768+00:00
3920c00a-9b2b-4658-895b-410e6379c364,Google Sheets - AuC Consultoria Historica → Snowflake - RAW_SUNO_LEGADO - CONSULTORIA,success,2026-08-27T07:00:01Z,99.7,2026-08-27T14:20:47.417770+00:00
3513df64-a6a5-484d-abe6-0f8bd12a704e,Google Sheets - Movimentação Consultor - Consultoria → Snowflake - RAW - MOVIMENTAÇÃO DE CONSULTOR,success,2026-08-27T09:00:03Z,100.0,2026-08-27T14:20:47.417772+00:00
32f462c9-79f6-41c3-8539-2f3e4b3ef71c,Google Sheets - Movimentação de Consultor → Snowflake - Cadastro Consultoria,success,2026-06-03T14:47:20Z,100.0,2026-08-27T14:20:47.417775+00:00
ceba8008-0786-4211-ba9b-6c20d1374502,Google Sheets - PEERS_FUNDS_SUNO → Snowflake - RAW_SUNO_LEGADO - ASSET,success,2026-08-27T21:15:01Z,99.5,2026-08-27T22:07:25.139189+00:00
59d8b9df-c0e3-4e5c-8d48-95afb61df238,Supabase → Snowflake - RAW_SUNO_LEGADO - SUNO_CODE,success,2026-08-27T21:00:01Z,99.7,2026-08-27T22:07:25.139209+00:00
809885d2-aa39-414d-a4e5-c680bd445f8b,Google Sheets - Equipe → Snowflake RAW_SUNO_LEGADO - ASSESSORIA,success,2026-08-27T15:00:04Z,100.0,2026-08-27T22:07:25.139214+00:00
76041c8e-372a-48f6-8c6c-c8cd17ad5cde,Google Sheets - CANAL VS LEAD → Snowflake - RAW_MARKETING - MARKETING,success,2026-08-27T16:00:01Z,100.0,2026-08-27T22:07:25.139217+00:00
d7c2d4ae-ffc2-4141-b0e3-c968cdbec711,Google Sheets - BASES CS4 - Acompanhamento Produção Emissão → Snowflake RAW_SUNO_LEGADO - ASSESSORIA,success,2026-08-27T15:00Z,100.0,2026-08-27T22:07:25.139221+00:00
237199f0-4810-4613-8229-c6904f3b57e3,Google Sheets - META_LEADS → Snowflake - RAW_MARKETING - MARKETING,success,2026-08-27T19:00Z,100.0,2026-08-27T22:07:25.139224+00:00
32ef74b7-bf18-460b-91fc-f34b1e1de958,PAYMENTS - PG_SUNO - SNOW_RAW_SUNO_LEGADO,success,2026-08-27T19:00Z,99.4,2026-08-27T22:07:25.139226+00:00
1d0b3025-c7a6-4d41-b3a6-dd7039dac570,Google Sheets - METAS_DIA_CANAL_ACAO → Snowflake - RAW_MARKETING - MARKETING,success,2026-08-27T19:30Z,99.7,2026-08-27T22:07:25.139236+00:00
05c4b87d-a3af-446a-b4cc-cbf6c2a48f23,Google Sheets → Snowflake - RAW_MARKETING - MARKETING,success,2026-08-27T21:00:02Z,99.9,2026-08-27T22:07:25.139239+00:00
a4525850-86b3-41bb-afb6-730925c715d1,Google Sheets - COMUNIDADE_VIVA_DIVIDENDOS_CONTATOS → Snowflake - RAW_MARKETING - MARKETING,success,2026-08-27T17:00Z,100.0,2026-08-27T22:07:25.139244+00:00
4510372f-9143-4e2d-b03c-7812605ee9ec,Google Sheets - WEALTH → Snowflake - WEALTH,success,2026-08-27T16:00:01Z,100.0,2026-08-27T22:07:25.139247+00:00
ce0fe804-a5b4-41bb-8756-a5f0cfd8ca88,Postgres - Status Invest - Wallet Reader → Snowflake - RAW STATUS_INVEST,success,2026-08-27T20:44:04Z,100.0,2026-08-27T22:07:25.139250+00:00
875f4425-a9b7-45d8-98b5-b2943fb2a7b5,Google Sheets - BI QTD_ASSESSORES → Snowflake RAW_SUNO_LEGADO - ASSESSORIA,success,2026-08-27T16:00:01Z,100.0,2026-08-27T22:07:25.139253+00:00
0d98f09b-148c-427c-b35b-79fd89daa949,Postgres - SUNO CORE PROD → Snowflake - RAW_SUNO_CORE  - SUNO_CORE_PROD,success,2026-08-27T22:00:05Z,99.8,2026-08-27T22:07:25.139257+00:00
0977051e-a19b-4140-ace3-a67ec1775fe7,Google Sheets - WEALTH_AUM_XP_US → Snowflake - RAW_SUNO_LEGADO - WEALTH,success,2026-08-27T16:30:01Z,100.0,2026-08-27T22:07:25.139264+00:00
f4587ca1-786f-464a-bd15-fee6cac2cc56,Google Sheets - SUNOCODE 11/2025 → Snowflake - RAW_MARKETING - MARKETING,success,2026-08-27T18:35:37Z,99.9,2026-08-27T22:07:25.139267+00:00
56f0de5d-aa42-4d53-b757-12940e91f589,Instagram → Snowflake - RAW_MARKETING - INSTAGRAM,success,2026-08-27T21:00:02Z,98.4,2026-08-27T22:07:25.139269+00:00
4f0ec015-8a73-45fb-9b1e-a8cdfe393c1a,HOURLY UPDATE - Salesforce → Snowflake - RAW_SALESFORCE - Salesforce,failed,2026-08-27T21:00Z,87.3,2026-08-27T22:07:25.139272+00:00
0987bf5b-66f1-4e90-90a9-e48813fa232a,Google Sheets - Clientes Consultoria → Snowflake - RAW_SUNO_LEGADO - CONSULTORIA,success,2026-08-27T21:00Z,99.9,2026-08-27T22:07:25.139279+00:00
37fb6f66-435c-45a4-b101-d10ddebd0133,Google Sheets - SALDOS_BTG_XP → Snowflake - RAW_SUNO_LEGADO - ASSET,success,2026-08-27T16:30Z,99.4,2026-08-27T22:07:25.139282+00:00
0dabe0fa-c09c-4f19-8243-af7274405a7f,Google Sheets - BI METAS → Snowflake RAW_SUNO_LEGADO - ASSESSORIA,success,2026-08-27T15:00:03Z,100.0,2026-08-27T22:07:25.139287+00:00
cbaab7c3-d9eb-49ff-a2db-cc67054d553c,Google Sheets - Fundos e Pares → Snowflake - RAW_MARKETING - MIDIAS,success,2026-08-27T16:00Z,100.0,2026-08-27T22:07:25.139291+00:00
a428a846-88cd-4b4d-8d95-116439a9c2c7,SALES - PG_SI_APP - SNOW_RAW_STATUS_INVEST,success,2026-08-27T18:00:01Z,95.1,2026-08-27T22:07:25.139295+00:00
6c9e7c3b-4181-4c18-b062-32484015a2d2,Google Sheets - LEADS_FUNIL_SUBFUNIL_DE_PARA → Snowflake - RAW_MARKETING - LEADS,success,2026-08-27T21:00:02Z,99.9,2026-08-27T22:07:25.139305+00:00
ceba8008-0786-4211-ba9b-6c20d1374502,Google Sheets - PEERS_FUNDS_SUNO → Snowflake - RAW_SUNO_LEGADO - ASSET,success,2026-08-27T23:15Z,99.5,2026-08-28T00:17:58.553500+00:00
1d0b3025-c7a6-4d41-b3a6-dd7039dac570,Google Sheets - METAS_DIA_CANAL_ACAO → Snowflake - RAW_MARKETING - MARKETING,success,2026-08-27T23:30Z,99.7,2026-08-28T00:17:58.553529+00:00
0d98f09b-148c-427c-b35b-79fd89daa949,Postgres - SUNO CORE PROD → Snowflake - RAW_SUNO_CORE  - SUNO_CORE_PROD,success,2026-08-28T00:00:11Z,99.8,2026-08-28T00:17:58.553538+00:00
4f0ec015-8a73-45fb-9b1e-a8cdfe393c1a,HOURLY UPDATE - Salesforce → Snowflake - RAW_SALESFORCE - Salesforce,failed,2026-08-27T23:00:01Z,86.8,2026-08-28T00:17:58.553546+00:00
6c9e7c3b-4181-4c18-b062-32484015a2d2,Google Sheets - LEADS_FUNIL_SUBFUNIL_DE_PARA → Snowflake - RAW_MARKETING - LEADS,success,2026-08-28T00:00:04Z,99.9,2026-08-28T00:17:58.553558+00:00
4a09c14d-81f1-48b3-bf88-d179a8104f3c,BONDS - PG_SI_APP_APP_READER - SNOW_RAW_STATUS_INVEST,success,2026-08-28T09:30:01Z,97.6,2026-08-28T12:13:31.602731+00:00
5f245b95-27a1-4914-98bc-096f7284dbab,HISTORY - PG_SI_APP_READER - SNOW_RAW_STATUS_INVEST,success,2026-08-28T09:30:01Z,96.9,2026-08-28T12:13:31.602750+00:00
45bb5027-f991-4f30-a37f-81534c9a16e3,OPTIONS - PG_SI_APP_READER - SNOW_RAW_STATUS_INVEST,success,2026-08-28T09:00:06Z,97.9,2026-08-28T12:13:31.602755+00:00
7c1d9e28-a67b-4f0a-831e-dfef70578e47,FIIS - PG_SUNO_SI_APP_READER - SNOW_RAW_SUNO_LEGADO,success,2026-08-28T08:30:01Z,97.8,2026-08-28T12:13:31.602758+00:00
5be446c9-e5cc-4c53-adf8-76d4e9ec634a,SUNO - SQL_SERVER_NEXXUS_SUNO - SNOW_RAW_SUNO_LEGADO_NEXXUS,success,2026-08-28T07:30:01Z,96.7,2026-08-28T12:13:31.602763+00:00
ceba8008-0786-4211-ba9b-6c20d1374502,Google Sheets - PEERS_FUNDS_SUNO → Snowflake - RAW_SUNO_LEGADO - ASSET,success,2026-08-28T11:15Z,99.5,2026-08-28T12:13:31.602766+00:00
59d8b9df-c0e3-4e5c-8d48-95afb61df238,Supabase → Snowflake - RAW_SUNO_LEGADO - SUNO_CODE,success,2026-08-28T11:00:05Z,99.7,2026-08-28T12:13:31.602769+00:00
80290713-fc1b-4cf2-9c29-ec5fef7ceaa9,Google Sheets - SUNOCODE ALWAYS ON → Snowflake - RAW_MARKETING - MARKETING,success,2026-08-28T12:00:04Z,99.8,2026-08-28T12:13:31.602772+00:00
6f8f89d8-6455-4d90-8cbc-12ab9b8de181,FIAGRO - PG_SI_APP_APP_READER - SNOW_RAW_STATUS_INVEST,success,2026-08-28T09:30:01Z,97.6,2026-08-28T12:13:31.602777+00:00
e1214b2b-0a97-4aa5-ac0e-254489ae6509,Google Sheets - Cadastro Consultoria → Snowflake,success,2026-08-28T09:00:06Z,99.4,2026-08-28T12:13:31.602780+00:00
677151fb-7c9d-49e1-ae89-5afc9ec983c3,STATISTICS - PG_SI_APP_READER - SNOW_RAW_STATUS_INVEST,success,2026-08-28T10:00:04Z,97.9,2026-08-28T12:13:31.602786+00:00
8b2adbe2-7fe8-49da-a9f5-3bc24e35cbf6,Postgres - SUNO CORE PROD Daily → Snowflake - RAW_SUNO_CORE  - SUNO_CORE_PROD,success,2026-08-28T10:30:06Z,99.2,2026-08-28T12:13:31.602789+00:00
548cf28d-9938-43fc-bde3-9d9399f51b66,ASSETS - PG_SI_APP_READER - SNOW_RAW_STATUS_INVEST,success,2026-08-28T08:30:01Z,97.4,2026-08-28T12:13:31.602791+00:00
915140b0-0f5d-4db3-8090-db9b8010838e,Google Sheets - LEAD_MAGNETS_TRACKING → Snowflake - RAW_MARKETING - MARKETING,success,2026-08-28T11:00:05Z,99.8,2026-08-28T12:13:31.602794+00:00
7e599bb1-e300-4c67-ba47-ed9564535e37,SECTORS - PG_SI_APP_READER - SNOW_RAW_STATUS_INVEST,success,2026-08-28T09:00:05Z,97.7,2026-08-28T12:13:31.602798+00:00
b1715420-95e8-44cd-806c-1adf6bb4561c,INTEGRATION - PG_SI_APP_READER - SNOW_RAW_STATUS_INVEST,success,2026-08-28T10:00:04Z,97.9,2026-08-28T12:13:31.602800+00:00
5d5f9d11-13d5-4a5b-92b8-41107f6ef613,CRYPTOCOINS - PG_SI_APP_APP_READER - SNOW_RAW_STATUS_INVEST,success,2026-08-28T09:30:01Z,97.6,2026-08-28T12:13:31.602804+00:00
5ad517f4-569c-4ffe-bcb2-a0e5e82cec46,ETF - PG_SUNO_APP_READER - SNOW_RAW_SUNO_LEGADO,success,2026-08-28T09:00:06Z,97.9,2026-08-28T12:13:31.602807+00:00
23812f93-58f6-468b-a5f4-c2a9c597b7c1,Google Ads → Snowflake - RAW_MARKETING - GOOGLE_ADS,success,2026-08-28T07:00:04Z,92.8,2026-08-28T12:13:31.602810+00:00
8bdd9242-6ee0-44c5-a899-bf133697f807,Postgres PROJ IA → Snowflake RAW_SUNO_LEGADO.PROJ_IA_WA_RS,success,2026-08-28T06:00:04Z,99.7,2026-08-28T12:13:31.602814+00:00
1d0b3025-c7a6-4d41-b3a6-dd7039dac570,Google Sheets - METAS_DIA_CANAL_ACAO → Snowflake - RAW_MARKETING - MARKETING,success,2026-08-28T11:30:01Z,99.7,2026-08-28T12:13:31.602817+00:00
b5e074b9-b16c-4039-92d4-da8e7bc974c6,WALLET - PG_SI_WALLET_READER POSITIONBROKER → SNOW_RAW_STATUS_INVEST,success,2026-08-28T09:00:06Z,97.8,2026-08-28T12:13:31.602820+00:00
05c4b87d-a3af-446a-b4cc-cbf6c2a48f23,Google Sheets → Snowflake - RAW_MARKETING - MARKETING,success,2026-08-28T09:00:06Z,99.9,2026-08-28T12:13:31.602823+00:00
73455d19-5318-4c5c-aa52-c3c71c8d2ef5,BDRS - PG_SI_APP_READER - SNOW_RAW_STATUS_INVEST,success,2026-08-28T08:30:01Z,97.4,2026-08-28T12:13:31.602826+00:00
51a1d5d9-107e-4a66-b6c7-c47253b79e18,STOCKS - PG_SI_APP_READER - SNOW_RAW_STATUS_INVEST,success,2026-08-28T08:00:04Z,97.4,2026-08-28T12:13:31.602832+00:00
3386e6ff-87cf-4c56-aca7-7da141afeef7,Salesforce → Snowflake - RAW_SALESFORCE - Salesforce,success,2026-08-28T06:00:04Z,90.5,2026-08-28T12:13:31.602836+00:00
ec4c514b-8b0c-4292-866c-b212c903d0ba,SECURITY - PG_SI_APP_READER - SNOW_RAW_STATUS_INVEST,success,2026-08-28T08:00:04Z,98.9,2026-08-28T12:13:31.602840+00:00
0d98f09b-148c-427c-b35b-79fd89daa949,Postgres - SUNO CORE PROD → Snowflake - RAW_SUNO_CORE  - SUNO_CORE_PROD,success,2026-08-28T12:00:13Z,99.8,2026-08-28T12:13:31.602844+00:00
c9de6ee6-dd80-4b14-bf4a-5b790f8396e1,Google Sheets - PVP_QUANTUM → Snowflake - RAW_SUNO_LEGADO - ASSET,success,2026-08-28T04:00:03Z,99.6,2026-08-28T12:13:31.602847+00:00
5bd74dda-e532-4e92-a543-05498761c901,Google Sheets - MAGNET VS NEGÓCIO → Snowflake - RAW_MARKETING - MARKETING,success,2026-08-28T09:00:06Z,99.7,2026-08-28T12:13:31.602850+00:00
d77e3767-049a-47dd-a225-7e4a265b3643,INDICES - PG_SI_APP_READER - SNOW_RAW_STATUS_INVEST,success,2026-08-28T09:00:05Z,97.4,2026-08-28T12:13:31.602853+00:00
4f870f22-cc2a-4fe1-8846-1845e65ebfee,WALLET - PG_SI_WALLET_READER→ SNOW_RAW_STATUS_INVEST,failed,2026-08-28T10:30:01Z,96.7,2026-08-28T12:13:31.602856+00:00
d56a1404-2429-48c8-a012-0906df3fee69,Postgres SUNO app_api → Snowflake RAW SUNO_LEGADO,success,2026-08-28T10:00:04Z,99.8,2026-08-28T12:13:31.602859+00:00
ceeffe40-4951-4206-9699-58d9a093c46d,Google Sheets - META ANIVERSARIO 2025 → Snowflake - RAW_MARKETING - MARKETING,success,2026-08-28T12:00:04Z,99.8,2026-08-28T12:13:31.602863+00:00
56f0de5d-aa42-4d53-b757-12940e91f589,Instagram → Snowflake - RAW_MARKETING - INSTAGRAM,success,2026-08-28T09:00:06Z,98.4,2026-08-28T12:13:31.602867+00:00
4f0ec015-8a73-45fb-9b1e-a8cdfe393c1a,HOURLY UPDATE - Salesforce → Snowflake - RAW_SALESFORCE - Salesforce,success,2026-08-28T11:00:05Z,86.4,2026-08-28T12:13:31.602870+00:00
8ba67994-cc7a-46fa-9527-4c2993907dde,INDEXERS - PG_SI_APP_READER - SNOW_RAW_STATUS_INVEST,success,2026-08-28T09:30:01Z,97.8,2026-08-28T12:13:31.602873+00:00
d922614d-c46d-446a-9040-b3f0370d2097,Monday - CONSULTORIA STVM → Snowflake - CONSULTORIA MONDAY,success,2026-08-28T05:00:03Z,100.0,2026-08-28T12:13:31.602876+00:00
846e257d-8302-481c-bb01-11ba8b4eb733,Google Sheets - BASE_METAS MARKETING → Snowflake - RAW_MARKETING - MARKETING,success,2026-08-28T12:00:05Z,99.8,2026-08-28T12:13:31.602880+00:00
3f56310d-ffc2-4149-9f6a-15124ff7f382,Google Sheets - ASSET_LISTA_CRIS → Snowflake - RAW_SUNO_LEGADO - ASSET,success,2026-08-28T11:00:05Z,98.8,2026-08-28T12:13:31.602883+00:00
df9cd9ea-3317-4020-b675-515fe764ebb2,FUNDOSINVESTIMENTOS - PG_SI_APP_READER - SNOW_RAW_STATUS_INVEST,success,2026-08-28T08:30:01Z,97.4,2026-08-28T12:13:31.602886+00:00
0987bf5b-66f1-4e90-90a9-e48813fa232a,Google Sheets - Clientes Consultoria → Snowflake - RAW_SUNO_LEGADO - CONSULTORIA,success,2026-08-28T09:00:05Z,99.9,2026-08-28T12:13:31.602890+00:00
12ed3b4d-4f9a-4281-8547-e177c74f015b,BASE - PG_SI_APP_APP_READER - SNOW_RAW_STATUS_INVEST,success,2026-08-28T08:00:04Z,97.8,2026-08-28T12:13:31.602894+00:00
5cff4403-60e7-49ba-8ded-23d0b12b387f,Postgres - SUNO MINUTO → Snowflake RAW SUNO_LEGADO,success,2026-08-28T05:00:03Z,99.7,2026-08-28T12:13:31.602898+00:00
688b34d0-86df-465f-a166-2352006541bf,CURRENCY - PG_SI_APP_APP_READER - SNOW_RAW_STATUS_INVEST,success,2026-08-28T08:00:12Z,99.2,2026-08-28T12:13:31.602902+00:00
e10ef7f6-86c8-4533-8275-28cbe38a6cfe,WALLETSTATISTICS - PG_SI_WALLET_READER GENERALSTATISTICS→ SNOW_RAW_STATUS_INVEST,success,2026-08-28T11:30:01Z,98.2,2026-08-28T12:13:31.602908+00:00
4a3f1a36-b471-4e82-8091-5a1856b92725,SUNO_OMS - SQL_SERVER_NEXXUS_SUNO_OMS - SNOW_RAW_SUNO_LEGADO_NEXXUS,success,2026-08-28T07:30:01Z,96.9,2026-08-28T12:13:31.602912+00:00
279ba07c-69cc-4426-b351-d10c3c01bd7e,AAI - PG_SI_APP - SNOW_RAW_STATUS_INVEST,success,2026-08-28T09:00:06Z,97.6,2026-08-28T12:13:31.602915+00:00
6c9e7c3b-4181-4c18-b062-32484015a2d2,Google Sheets - LEADS_FUNIL_SUBFUNIL_DE_PARA → Snowflake - RAW_MARKETING - LEADS,success,2026-08-28T12:00:04Z,99.9,2026-08-28T12:13:31.602919+00:00
ba1f277e-9685-4f09-b6f8-2d44320eafa8,Postgres - Status Invest - CONSOLIDATIONHISTORY→ Snowflake - RAW STATUS_INVEST,success,2026-08-28T06:00:04Z,99.5,2026-08-28T12:13:31.602922+00:00
3920c00a-9b2b-4658-895b-410e6379c364,Google Sheets - AuC Consultoria Historica → Snowflake - RAW_SUNO_LEGADO - CONSULTORIA,success,2026-08-28T07:00:04Z,99.7,2026-08-28T12:13:31.602925+00:00
3513df64-a6a5-484d-abe6-0f8bd12a704e,Google Sheets - Movimentação Consultor - Consultoria → Snowflake - RAW - MOVIMENTAÇÃO DE CONSULTOR,success,2026-08-28T09:00:06Z,100.0,2026-08-28T12:13:31.602928+00:00
ceba8008-0786-4211-ba9b-6c20d1374502,Google Sheets - PEERS_FUNDS_SUNO → Snowflake - RAW_SUNO_LEGADO - ASSET,success,2026-08-28T13:15Z,99.5,2026-08-28T13:44:55.236455+00:00
59d8b9df-c0e3-4e5c-8d48-95afb61df238,Supabase → Snowflake - RAW_SUNO_LEGADO - SUNO_CODE,success,2026-08-28T13:00:04Z,99.7,2026-08-28T13:44:55.236475+00:00
0d98f09b-148c-427c-b35b-79fd89daa949,Postgres - SUNO CORE PROD → Snowflake - RAW_SUNO_CORE  - SUNO_CORE_PROD,success,2026-08-28T13:30:06Z,99.8,2026-08-28T13:44:55.236505+00:00
4f0ec015-8a73-45fb-9b1e-a8cdfe393c1a,HOURLY UPDATE - Salesforce → Snowflake - RAW_SALESFORCE - Salesforce,success,2026-08-28T13:00:04Z,86.5,2026-08-28T13:44:55.236516+00:00
ceba8008-0786-4211-ba9b-6c20d1374502,Google Sheets - PEERS_FUNDS_SUNO → Snowflake - RAW_SUNO_LEGADO - ASSET,success,2026-08-28T23:15Z,99.5,2026-08-28T23:39:09.371259+00:00
59d8b9df-c0e3-4e5c-8d48-95afb61df238,Supabase → Snowflake - RAW_SUNO_LEGADO - SUNO_CODE,success,2026-08-28T21:00:05Z,99.7,2026-08-28T23:39:09.371281+00:00
c4fd546a-c5bb-442c-adde-dd0c0a8abeff,Google Sheets - Bases XP SEGUROS → Snowflake RAW_SUNO_LEGADO - ASSESSORIA,success,2026-08-28T14:00:04Z,100.0,2026-08-28T23:39:09.371291+00:00
809885d2-aa39-414d-a4e5-c680bd445f8b,Google Sheets - Equipe → Snowflake RAW_SUNO_LEGADO - ASSESSORIA,success,2026-08-28T15:00:05Z,100.0,2026-08-28T23:39:09.371298+00:00
76041c8e-372a-48f6-8c6c-c8cd17ad5cde,Google Sheets - CANAL VS LEAD → Snowflake - RAW_MARKETING - MARKETING,success,2026-08-28T16:00:04Z,100.0,2026-08-28T23:39:09.371302+00:00
d7c2d4ae-ffc2-4141-b0e3-c968cdbec711,Google Sheets - BASES CS4 - Acompanhamento Produção Emissão → Snowflake RAW_SUNO_LEGADO - ASSESSORIA,success,2026-08-28T15:00:05Z,100.0,2026-08-28T23:39:09.371307+00:00
237199f0-4810-4613-8229-c6904f3b57e3,Google Sheets - META_LEADS → Snowflake - RAW_MARKETING - MARKETING,success,2026-08-28T19:00:04Z,100.0,2026-08-28T23:39:09.371310+00:00
32ef74b7-bf18-460b-91fc-f34b1e1de958,PAYMENTS - PG_SUNO - SNOW_RAW_SUNO_LEGADO,success,2026-08-28T19:00:04Z,99.4,2026-08-28T23:39:09.371312+00:00
d4999940-c81c-4069-a501-c999fd89bc67,Google Sheets - BI Cotação USD → Snowflake RAW_SUNO_LEGADO - ASSESSORIA,success,2026-08-28T14:00:03Z,100.0,2026-08-28T23:39:09.371323+00:00
1d0b3025-c7a6-4d41-b3a6-dd7039dac570,Google Sheets - METAS_DIA_CANAL_ACAO → Snowflake - RAW_MARKETING - MARKETING,success,2026-08-28T23:30:01Z,99.7,2026-08-28T23:39:09.371326+00:00
05c4b87d-a3af-446a-b4cc-cbf6c2a48f23,Google Sheets → Snowflake - RAW_MARKETING - MARKETING,success,2026-08-28T21:01:01Z,99.9,2026-08-28T23:39:09.371330+00:00
a4525850-86b3-41bb-afb6-730925c715d1,Google Sheets - COMUNIDADE_VIVA_DIVIDENDOS_CONTATOS → Snowflake - RAW_MARKETING - MARKETING,success,2026-08-28T17:00:04Z,100.0,2026-08-28T23:39:09.371336+00:00
4510372f-9143-4e2d-b03c-7812605ee9ec,Google Sheets - WEALTH → Snowflake - WEALTH,success,2026-08-28T16:00:04Z,100.0,2026-08-28T23:39:09.371339+00:00
ce0fe804-a5b4-41bb-8756-a5f0cfd8ca88,Postgres - Status Invest - Wallet Reader → Snowflake - RAW STATUS_INVEST,success,2026-08-28T20:44:05Z,100.0,2026-08-28T23:39:09.371343+00:00
875f4425-a9b7-45d8-98b5-b2943fb2a7b5,Google Sheets - BI QTD_ASSESSORES → Snowflake RAW_SUNO_LEGADO - ASSESSORIA,success,2026-08-28T16:01:01Z,100.0,2026-08-28T23:39:09.371346+00:00
0d98f09b-148c-427c-b35b-79fd89daa949,Postgres - SUNO CORE PROD → Snowflake - RAW_SUNO_CORE  - SUNO_CORE_PROD,success,2026-08-28T23:30:06Z,99.8,2026-08-28T23:39:09.371351+00:00
4f870f22-cc2a-4fe1-8846-1845e65ebfee,WALLET - PG_SI_WALLET_READER→ SNOW_RAW_STATUS_INVEST,running,2026-08-28T22:28:08Z,96.7,2026-08-28T23:39:09.371356+00:00
f4587ca1-786f-464a-bd15-fee6cac2cc56,Google Sheets - SUNOCODE 11/2025 → Snowflake - RAW_MARKETING - MARKETING,success,2026-08-28T18:35:37Z,99.9,2026-08-28T23:39:09.371362+00:00
56f0de5d-aa42-4d53-b757-12940e91f589,Instagram → Snowflake - RAW_MARKETING - INSTAGRAM,success,2026-08-28T21:00:04Z,98.4,2026-08-28T23:39:09.371365+00:00
4f0ec015-8a73-45fb-9b1e-a8cdfe393c1a,HOURLY UPDATE - Salesforce → Snowflake - RAW_SALESFORCE - Salesforce,success,2026-08-28T23:00:03Z,86.8,2026-08-28T23:39:09.371368+00:00
748a5e2b-7de9-49b5-bba7-50edfb444752,SQL Server - NEXXUS - SUNO → Snowflake RAW.NEXXUS,success,2026-08-28T14:05:48Z,100.0,2026-08-28T23:39:09.371375+00:00
0987bf5b-66f1-4e90-90a9-e48813fa232a,Google Sheets - Clientes Consultoria → Snowflake - RAW_SUNO_LEGADO - CONSULTORIA,success,2026-08-28T21:00:05Z,99.9,2026-08-28T23:39:09.371378+00:00
0dabe0fa-c09c-4f19-8243-af7274405a7f,Google Sheets - BI METAS → Snowflake RAW_SUNO_LEGADO - ASSESSORIA,success,2026-08-28T15:00:05Z,100.0,2026-08-28T23:39:09.371389+00:00
cbaab7c3-d9eb-49ff-a2db-cc67054d553c,Google Sheets - Fundos e Pares → Snowflake - RAW_MARKETING - MIDIAS,success,2026-08-28T16:00:04Z,100.0,2026-08-28T23:39:09.371399+00:00
a428a846-88cd-4b4d-8d95-116439a9c2c7,SALES - PG_SI_APP - SNOW_RAW_STATUS_INVEST,success,2026-08-28T18:00:04Z,95.1,2026-08-28T23:39:09.371403+00:00
6c9e7c3b-4181-4c18-b062-32484015a2d2,Google Sheets - LEADS_FUNIL_SUBFUNIL_DE_PARA → Snowflake - RAW_MARKETING - LEADS,success,2026-08-28T21:00:05Z,99.9,2026-08-28T23:39:09.371408+00:00
ceba8008-0786-4211-ba9b-6c20d1374502,Google Sheets - PEERS_FUNDS_SUNO → Snowflake - RAW_SUNO_LEGADO - ASSET,success,2026-08-29T02:15Z,99.5,2026-08-29T07:18:36.771162+00:00
23812f93-58f6-468b-a5f4-c2a9c597b7c1,Google Ads → Snowflake - RAW_MARKETING - GOOGLE_ADS,success,2026-08-29T07:00:03Z,92.8,2026-08-29T07:18:36.771202+00:00
8bdd9242-6ee0-44c5-a899-bf133697f807,Postgres PROJ IA → Snowflake RAW_SUNO_LEGADO.PROJ_IA_WA_RS,success,2026-08-29T06:00:04Z,99.7,2026-08-29T07:18:36.771208+00:00
1d0b3025-c7a6-4d41-b3a6-dd7039dac570,Google Sheets - METAS_DIA_CANAL_ACAO → Snowflake - RAW_MARKETING - MARKETING,success,2026-08-29T03:30:01Z,99.7,2026-08-29T07:18:36.771212+00:00
05c4b87d-a3af-446a-b4cc-cbf6c2a48f23,Google Sheets → Snowflake - RAW_MARKETING - MARKETING,success,2026-08-29T03:00:04Z,99.9,2026-08-29T07:18:36.771217+00:00
3386e6ff-87cf-4c56-aca7-7da141afeef7,Salesforce → Snowflake - RAW_SALESFORCE - Salesforce,running,2026-08-29T06:00:11Z,90.5,2026-08-29T07:18:36.771225+00:00
0d98f09b-148c-427c-b35b-79fd89daa949,Postgres - SUNO CORE PROD → Snowflake - RAW_SUNO_CORE  - SUNO_CORE_PROD,success,2026-08-29T01:30:05Z,99.8,2026-08-29T07:18:36.771231+00:00
c9de6ee6-dd80-4b14-bf4a-5b790f8396e1,Google Sheets - PVP_QUANTUM → Snowflake - RAW_SUNO_LEGADO - ASSET,success,2026-08-29T04:00:03Z,99.6,2026-08-29T07:18:36.771234+00:00
56f0de5d-aa42-4d53-b757-12940e91f589,Instagram → Snowflake - RAW_MARKETING - INSTAGRAM,success,2026-08-29T03:00:04Z,98.4,2026-08-29T07:18:36.771243+00:00
4f0ec015-8a73-45fb-9b1e-a8cdfe393c1a,HOURLY UPDATE - Salesforce → Snowflake - RAW_SALESFORCE - Salesforce,success,2026-08-29T01:00:03Z,86.9,2026-08-29T07:18:36.771246+00:00
d922614d-c46d-446a-9040-b3f0370d2097,Monday - CONSULTORIA STVM → Snowflake - CONSULTORIA MONDAY,success,2026-08-29T05:00:03Z,100.0,2026-08-29T07:18:36.771249+00:00
0987bf5b-66f1-4e90-90a9-e48813fa232a,Google Sheets - Clientes Consultoria → Snowflake - RAW_SUNO_LEGADO - CONSULTORIA,success,2026-08-29T03:00:04Z,99.9,2026-08-29T07:18:36.771256+00:00
5cff4403-60e7-49ba-8ded-23d0b12b387f,Postgres - SUNO MINUTO → Snowflake RAW SUNO_LEGADO,success,2026-08-29T05:00:03Z,99.7,2026-08-29T07:18:36.771261+00:00
6c9e7c3b-4181-4c18-b062-32484015a2d2,Google Sheets - LEADS_FUNIL_SUBFUNIL_DE_PARA → Snowflake - RAW_MARKETING - LEADS,success,2026-08-29T06:00:04Z,99.9,2026-08-29T07:18:36.771273+00:00
ba1f277e-9685-4f09-b6f8-2d44320eafa8,Postgres - Status Invest - CONSOLIDATIONHISTORY→ Snowflake - RAW STATUS_INVEST,success,2026-08-29T06:00:04Z,99.5,2026-08-29T07:18:36.771277+00:00
3920c00a-9b2b-4658-895b-410e6379c364,Google Sheets - AuC Consultoria Historica → Snowflake - RAW_SUNO_LEGADO - CONSULTORIA,success,2026-08-29T07:00:03Z,99.7,2026-08-29T07:18:36.771280+00:00
4a09c14d-81f1-48b3-bf88-d179a8104f3c,BONDS - PG_SI_APP_APP_READER - SNOW_RAW_STATUS_INVEST,success,2026-08-29T09:30:01Z,97.6,2026-08-29T13:20:48.496670+00:00
5f245b95-27a1-4914-98bc-096f7284dbab,HISTORY - PG_SI_APP_READER - SNOW_RAW_STATUS_INVEST,success,2026-08-29T09:30:01Z,96.9,2026-08-29T13:20:48.496690+00:00
45bb5027-f991-4f30-a37f-81534c9a16e3,OPTIONS - PG_SI_APP_READER - SNOW_RAW_STATUS_INVEST,success,2026-08-29T09:00:05Z,97.9,2026-08-29T13:20:48.496694+00:00
7c1d9e28-a67b-4f0a-831e-dfef70578e47,FIIS - PG_SUNO_SI_APP_READER - SNOW_RAW_SUNO_LEGADO,success,2026-08-29T08:30:01Z,97.8,2026-08-29T13:20:48.496698+00:00
5be446c9-e5cc-4c53-adf8-76d4e9ec634a,SUNO - SQL_SERVER_NEXXUS_SUNO - SNOW_RAW_SUNO_LEGADO_NEXXUS,success,2026-08-29T07:30:01Z,96.7,2026-08-29T13:20:48.496703+00:00
ceba8008-0786-4211-ba9b-6c20d1374502,Google Sheets - PEERS_FUNDS_SUNO → Snowflake - RAW_SUNO_LEGADO - ASSET,success,2026-08-29T12:15Z,99.5,2026-08-29T13:20:48.496706+00:00
59d8b9df-c0e3-4e5c-8d48-95afb61df238,Supabase → Snowflake - RAW_SUNO_LEGADO - SUNO_CODE,success,2026-08-29T13:00:03Z,99.7,2026-08-29T13:20:48.496709+00:00
80290713-fc1b-4cf2-9c29-ec5fef7ceaa9,Google Sheets - SUNOCODE ALWAYS ON → Snowflake - RAW_MARKETING - MARKETING,success,2026-08-29T12:00:04Z,99.8,2026-08-29T13:20:48.496712+00:00
6f8f89d8-6455-4d90-8cbc-12ab9b8de181,FIAGRO - PG_SI_APP_APP_READER - SNOW_RAW_STATUS_INVEST,success,2026-08-29T09:30:01Z,97.6,2026-08-29T13:20:48.496717+00:00
e1214b2b-0a97-4aa5-ac0e-254489ae6509,Google Sheets - Cadastro Consultoria → Snowflake,success,2026-08-29T09:00:05Z,99.4,2026-08-29T13:20:48.496720+00:00
677151fb-7c9d-49e1-ae89-5afc9ec983c3,STATISTICS - PG_SI_APP_READER - SNOW_RAW_STATUS_INVEST,success,2026-08-29T10:00:04Z,97.9,2026-08-29T13:20:48.496725+00:00
8b2adbe2-7fe8-49da-a9f5-3bc24e35cbf6,Postgres - SUNO CORE PROD Daily → Snowflake - RAW_SUNO_CORE  - SUNO_CORE_PROD,success,2026-08-29T10:30:06Z,99.2,2026-08-29T13:20:48.496728+00:00
548cf28d-9938-43fc-bde3-9d9399f51b66,ASSETS - PG_SI_APP_READER - SNOW_RAW_STATUS_INVEST,success,2026-08-29T08:30:01Z,97.4,2026-08-29T13:20:48.496731+00:00
915140b0-0f5d-4db3-8090-db9b8010838e,Google Sheets - LEAD_MAGNETS_TRACKING → Snowflake - RAW_MARKETING - MARKETING,success,2026-08-29T11:00:04Z,99.8,2026-08-29T13:20:48.496733+00:00
7e599bb1-e300-4c67-ba47-ed9564535e37,SECTORS - PG_SI_APP_READER - SNOW_RAW_STATUS_INVEST,success,2026-08-29T09:00:05Z,97.8,2026-08-29T13:20:48.496736+00:00
b1715420-95e8-44cd-806c-1adf6bb4561c,INTEGRATION - PG_SI_APP_READER - SNOW_RAW_STATUS_INVEST,success,2026-08-29T10:00:03Z,97.9,2026-08-29T13:20:48.496739+00:00
5d5f9d11-13d5-4a5b-92b8-41107f6ef613,CRYPTOCOINS - PG_SI_APP_APP_READER - SNOW_RAW_STATUS_INVEST,success,2026-08-29T09:30:01Z,97.6,2026-08-29T13:20:48.496743+00:00
5ad517f4-569c-4ffe-bcb2-a0e5e82cec46,ETF - PG_SUNO_APP_READER - SNOW_RAW_SUNO_LEGADO,success,2026-08-29T09:00:06Z,97.9,2026-08-29T13:20:48.496745+00:00
1d0b3025-c7a6-4d41-b3a6-dd7039dac570,Google Sheets - METAS_DIA_CANAL_ACAO → Snowflake - RAW_MARKETING - MARKETING,success,2026-08-29T11:30:01Z,99.7,2026-08-29T13:20:48.496752+00:00
b5e074b9-b16c-4039-92d4-da8e7bc974c6,WALLET - PG_SI_WALLET_READER POSITIONBROKER → SNOW_RAW_STATUS_INVEST,success,2026-08-29T09:00:05Z,97.8,2026-08-29T13:20:48.496754+00:00
05c4b87d-a3af-446a-b4cc-cbf6c2a48f23,Google Sheets → Snowflake - RAW_MARKETING - MARKETING,success,2026-08-29T09:00:05Z,99.9,2026-08-29T13:20:48.496758+00:00
73455d19-5318-4c5c-aa52-c3c71c8d2ef5,BDRS - PG_SI_APP_READER - SNOW_RAW_STATUS_INVEST,success,2026-08-29T08:30:01Z,97.4,2026-08-29T13:20:48.496761+00:00
51a1d5d9-107e-4a66-b6c7-c47253b79e18,STOCKS - PG_SI_APP_READER - SNOW_RAW_STATUS_INVEST,success,2026-08-29T08:00:04Z,97.4,2026-08-29T13:20:48.496766+00:00
ec4c514b-8b0c-4292-866c-b212c903d0ba,SECURITY - PG_SI_APP_READER - SNOW_RAW_STATUS_INVEST,success,2026-08-29T08:00:04Z,98.9,2026-08-29T13:20:48.496772+00:00
0d98f09b-148c-427c-b35b-79fd89daa949,Postgres - SUNO CORE PROD → Snowflake - RAW_SUNO_CORE  - SUNO_CORE_PROD,success,2026-08-29T11:30:07Z,99.8,2026-08-29T13:20:48.496776+00:00
5bd74dda-e532-4e92-a543-05498761c901,Google Sheets - MAGNET VS NEGÓCIO → Snowflake - RAW_MARKETING - MARKETING,success,2026-08-29T09:00:05Z,99.7,2026-08-29T13:20:48.496779+00:00
d77e3767-049a-47dd-a225-7e4a265b3643,INDICES - PG_SI_APP_READER - SNOW_RAW_STATUS_INVEST,success,2026-08-29T09:00:05Z,97.4,2026-08-29T13:20:48.496782+00:00
4f870f22-cc2a-4fe1-8846-1845e65ebfee,WALLET - PG_SI_WALLET_READER→ SNOW_RAW_STATUS_INVEST,success,2026-08-29T10:30Z,96.7,2026-08-29T13:20:48.496786+00:00
d56a1404-2429-48c8-a012-0906df3fee69,Postgres SUNO app_api → Snowflake RAW SUNO_LEGADO,success,2026-08-29T10:00:04Z,99.8,2026-08-29T13:20:48.496789+00:00
ceeffe40-4951-4206-9699-58d9a093c46d,Google Sheets - META ANIVERSARIO 2025 → Snowflake - RAW_MARKETING - MARKETING,success,2026-08-29T12:00:04Z,99.8,2026-08-29T13:20:48.496793+00:00
56f0de5d-aa42-4d53-b757-12940e91f589,Instagram → Snowflake - RAW_MARKETING - INSTAGRAM,success,2026-08-29T09:00:06Z,98.4,2026-08-29T13:20:48.496797+00:00
4f0ec015-8a73-45fb-9b1e-a8cdfe393c1a,HOURLY UPDATE - Salesforce → Snowflake - RAW_SALESFORCE - Salesforce,success,2026-08-29T13:00:03Z,87.0,2026-08-29T13:20:48.496799+00:00
8ba67994-cc7a-46fa-9527-4c2993907dde,INDEXERS - PG_SI_APP_READER - SNOW_RAW_STATUS_INVEST,success,2026-08-29T09:30:01Z,97.8,2026-08-29T13:20:48.496802+00:00
846e257d-8302-481c-bb01-11ba8b4eb733,Google Sheets - BASE_METAS MARKETING → Snowflake - RAW_MARKETING - MARKETING,success,2026-08-29T12:00:04Z,99.8,2026-08-29T13:20:48.496806+00:00
df9cd9ea-3317-4020-b675-515fe764ebb2,FUNDOSINVESTIMENTOS - PG_SI_APP_READER - SNOW_RAW_STATUS_INVEST,success,2026-08-29T08:30:01Z,97.4,2026-08-29T13:20:48.496810+00:00
0987bf5b-66f1-4e90-90a9-e48813fa232a,Google Sheets - Clientes Consultoria → Snowflake - RAW_SUNO_LEGADO - CONSULTORIA,success,2026-08-29T09:00:05Z,99.9,2026-08-29T13:20:48.496813+00:00
12ed3b4d-4f9a-4281-8547-e177c74f015b,BASE - PG_SI_APP_APP_READER - SNOW_RAW_STATUS_INVEST,success,2026-08-29T08:00:04Z,97.8,2026-08-29T13:20:48.496817+00:00
688b34d0-86df-465f-a166-2352006541bf,CURRENCY - PG_SI_APP_APP_READER - SNOW_RAW_STATUS_INVEST,success,2026-08-29T08:00:04Z,99.2,2026-08-29T13:20:48.496823+00:00
e10ef7f6-86c8-4533-8275-28cbe38a6cfe,WALLETSTATISTICS - PG_SI_WALLET_READER GENERALSTATISTICS→ SNOW_RAW_STATUS_INVEST,success,2026-08-29T11:30:01Z,98.2,2026-08-29T13:20:48.496829+00:00
4a3f1a36-b471-4e82-8091-5a1856b92725,SUNO_OMS - SQL_SERVER_NEXXUS_SUNO_OMS - SNOW_RAW_SUNO_LEGADO_NEXXUS,success,2026-08-29T07:30Z,96.9,2026-08-29T13:20:48.496833+00:00
279ba07c-69cc-4426-b351-d10c3c01bd7e,AAI - PG_SI_APP - SNOW_RAW_STATUS_INVEST,success,2026-08-29T09:00:06Z,97.6,2026-08-29T13:20:48.496836+00:00
6c9e7c3b-4181-4c18-b062-32484015a2d2,Google Sheets - LEADS_FUNIL_SUBFUNIL_DE_PARA → Snowflake - RAW_MARKETING - LEADS,success,2026-08-29T12:00:04Z,99.9,2026-08-29T13:20:48.496839+00:00
3513df64-a6a5-484d-abe6-0f8bd12a704e,Google Sheets - Movimentação Consultor - Consultoria → Snowflake - RAW - MOVIMENTAÇÃO DE CONSULTOR,success,2026-08-29T09:00:05Z,100.0,2026-08-29T13:20:48.496844+00:00
ceba8008-0786-4211-ba9b-6c20d1374502,Google Sheets - PEERS_FUNDS_SUNO → Snowflake - RAW_SUNO_LEGADO - ASSET,success,2026-08-29T16:15Z,99.5,2026-08-29T17:22:02.385440+00:00
59d8b9df-c0e3-4e5c-8d48-95afb61df238,Supabase → Snowflake - RAW_SUNO_LEGADO - SUNO_CODE,success,2026-08-29T17:00:10Z,99.7,2026-08-29T17:22:02.385457+00:00
c4fd546a-c5bb-442c-adde-dd0c0a8abeff,Google Sheets - Bases XP SEGUROS → Snowflake RAW_SUNO_LEGADO - ASSESSORIA,success,2026-08-29T14:00:04Z,100.0,2026-08-29T17:22:02.385463+00:00
809885d2-aa39-414d-a4e5-c680bd445f8b,Google Sheets - Equipe → Snowflake RAW_SUNO_LEGADO - ASSESSORIA,success,2026-08-29T15:00:05Z,100.0,2026-08-29T17:22:02.385466+00:00
76041c8e-372a-48f6-8c6c-c8cd17ad5cde,Google Sheets - CANAL VS LEAD → Snowflake - RAW_MARKETING - MARKETING,success,2026-08-29T16:00:04Z,100.0,2026-08-29T17:22:02.385469+00:00
d7c2d4ae-ffc2-4141-b0e3-c968cdbec711,Google Sheets - BASES CS4 - Acompanhamento Produção Emissão → Snowflake RAW_SUNO_LEGADO - ASSESSORIA,success,2026-08-29T15:00:05Z,100.0,2026-08-29T17:22:02.385474+00:00
237199f0-4810-4613-8229-c6904f3b57e3,Google Sheets - META_LEADS → Snowflake - RAW_MARKETING - MARKETING,success,2026-08-29T17:00:04Z,100.0,2026-08-29T17:22:02.385478+00:00
d4999940-c81c-4069-a501-c999fd89bc67,Google Sheets - BI Cotação USD → Snowflake RAW_SUNO_LEGADO - ASSESSORIA,success,2026-08-29T14:00:04Z,100.0,2026-08-29T17:22:02.385489+00:00
1d0b3025-c7a6-4d41-b3a6-dd7039dac570,Google Sheets - METAS_DIA_CANAL_ACAO → Snowflake - RAW_MARKETING - MARKETING,success,2026-08-29T15:30:01Z,99.7,2026-08-29T17:22:02.385492+00:00
05c4b87d-a3af-446a-b4cc-cbf6c2a48f23,Google Sheets → Snowflake - RAW_MARKETING - MARKETING,success,2026-08-29T15:00:05Z,99.9,2026-08-29T17:22:02.385497+00:00
a4525850-86b3-41bb-afb6-730925c715d1,Google Sheets - COMUNIDADE_VIVA_DIVIDENDOS_CONTATOS → Snowflake - RAW_MARKETING - MARKETING,success,2026-08-29T17:00:04Z,100.0,2026-08-29T17:22:02.385502+00:00
4510372f-9143-4e2d-b03c-7812605ee9ec,Google Sheets - WEALTH → Snowflake - WEALTH,success,2026-08-29T16:00:04Z,100.0,2026-08-29T17:22:02.385505+00:00
875f4425-a9b7-45d8-98b5-b2943fb2a7b5,Google Sheets - BI QTD_ASSESSORES → Snowflake RAW_SUNO_LEGADO - ASSESSORIA,success,2026-08-29T16:00:04Z,100.0,2026-08-29T17:22:02.385510+00:00
0d98f09b-148c-427c-b35b-79fd89daa949,Postgres - SUNO CORE PROD → Snowflake - RAW_SUNO_CORE  - SUNO_CORE_PROD,success,2026-08-29T14:30:05Z,99.8,2026-08-29T17:22:02.385515+00:00
56f0de5d-aa42-4d53-b757-12940e91f589,Instagram → Snowflake - RAW_MARKETING - INSTAGRAM,success,2026-08-29T15:00:05Z,98.4,2026-08-29T17:22:02.385525+00:00
4f0ec015-8a73-45fb-9b1e-a8cdfe393c1a,HOURLY UPDATE - Salesforce → Snowflake - RAW_SALESFORCE - Salesforce,success,2026-08-29T17:00:04Z,87.2,2026-08-29T17:22:02.385528+00:00
748a5e2b-7de9-49b5-bba7-50edfb444752,SQL Server - NEXXUS - SUNO → Snowflake RAW.NEXXUS,success,2026-08-29T14:05:48Z,100.0,2026-08-29T17:22:02.385535+00:00
0987bf5b-66f1-4e90-90a9-e48813fa232a,Google Sheets - Clientes Consultoria → Snowflake - RAW_SUNO_LEGADO - CONSULTORIA,success,2026-08-29T15:00:05Z,99.9,2026-08-29T17:22:02.385538+00:00
0dabe0fa-c09c-4f19-8243-af7274405a7f,Google Sheets - BI METAS → Snowflake RAW_SUNO_LEGADO - ASSESSORIA,success,2026-08-29T15:00:05Z,100.0,2026-08-29T17:22:02.385544+00:00
cbaab7c3-d9eb-49ff-a2db-cc67054d553c,Google Sheets - Fundos e Pares → Snowflake - RAW_MARKETING - MIDIAS,success,2026-08-29T16:00:04Z,100.0,2026-08-29T17:22:02.385550+00:00
6c9e7c3b-4181-4c18-b062-32484015a2d2,Google Sheets - LEADS_FUNIL_SUBFUNIL_DE_PARA → Snowflake - RAW_MARKETING - LEADS,success,2026-08-29T15:00:05Z,99.9,2026-08-29T17:22:02.385557+00:00
ceba8008-0786-4211-ba9b-6c20d1374502,Google Sheets - PEERS_FUNDS_SUNO → Snowflake - RAW_SUNO_LEGADO - ASSET,success,2026-08-29T22:15:01Z,99.5,2026-08-29T22:45:57.493130+00:00
59d8b9df-c0e3-4e5c-8d48-95afb61df238,Supabase → Snowflake - RAW_SUNO_LEGADO - SUNO_CODE,success,2026-08-29T21:00:04Z,99.7,2026-08-29T22:45:57.493147+00:00
237199f0-4810-4613-8229-c6904f3b57e3,Google Sheets - META_LEADS → Snowflake - RAW_MARKETING - MARKETING,success,2026-08-29T19:00:04Z,100.0,2026-08-29T22:45:57.493157+00:00
32ef74b7-bf18-460b-91fc-f34b1e1de958,PAYMENTS - PG_SUNO - SNOW_RAW_SUNO_LEGADO,success,2026-08-29T19:00:03Z,99.4,2026-08-29T22:45:57.493160+00:00
1d0b3025-c7a6-4d41-b3a6-dd7039dac570,Google Sheets - METAS_DIA_CANAL_ACAO → Snowflake - RAW_MARKETING - MARKETING,success,2026-08-29T19:30:01Z,99.7,2026-08-29T22:45:57.493171+00:00
05c4b87d-a3af-446a-b4cc-cbf6c2a48f23,Google Sheets → Snowflake - RAW_MARKETING - MARKETING,success,2026-08-29T21:00:04Z,99.9,2026-08-29T22:45:57.493175+00:00
ce0fe804-a5b4-41bb-8756-a5f0cfd8ca88,Postgres - Status Invest - Wallet Reader → Snowflake - RAW STATUS_INVEST,success,2026-08-29T20:44:05Z,100.0,2026-08-29T22:45:57.493183+00:00
0d98f09b-148c-427c-b35b-79fd89daa949,Postgres - SUNO CORE PROD → Snowflake - RAW_SUNO_CORE  - SUNO_CORE_PROD,success,2026-08-29T20:30:05Z,99.8,2026-08-29T22:45:57.493189+00:00
f4587ca1-786f-464a-bd15-fee6cac2cc56,Google Sheets - SUNOCODE 11/2025 → Snowflake - RAW_MARKETING - MARKETING,success,2026-08-29T18:35:38Z,99.9,2026-08-29T22:45:57.493198+00:00
56f0de5d-aa42-4d53-b757-12940e91f589,Instagram → Snowflake - RAW_MARKETING - INSTAGRAM,success,2026-08-29T21:00:04Z,98.4,2026-08-29T22:45:57.493201+00:00
4f0ec015-8a73-45fb-9b1e-a8cdfe393c1a,HOURLY UPDATE - Salesforce → Snowflake - RAW_SALESFORCE - Salesforce,success,2026-08-29T21:00:04Z,87.3,2026-08-29T22:45:57.493204+00:00
0987bf5b-66f1-4e90-90a9-e48813fa232a,Google Sheets - Clientes Consultoria → Snowflake - RAW_SUNO_LEGADO - CONSULTORIA,success,2026-08-29T21:00:04Z,99.9,2026-08-29T22:45:57.493211+00:00
a428a846-88cd-4b4d-8d95-116439a9c2c7,SALES - PG_SI_APP - SNOW_RAW_STATUS_INVEST,success,2026-08-29T18:00:03Z,95.1,2026-08-29T22:45:57.493223+00:00
6c9e7c3b-4181-4c18-b062-32484015a2d2,Google Sheets - LEADS_FUNIL_SUBFUNIL_DE_PARA → Snowflake - RAW_MARKETING - LEADS,success,2026-08-29T21:00:04Z,99.9,2026-08-29T22:45:57.493228+00:00
ceba8008-0786-4211-ba9b-6c20d1374502,Google Sheets - PEERS_FUNDS_SUNO → Snowflake - RAW_SUNO_LEGADO - ASSET,success,2026-08-30T01:15Z,99.5,2026-08-30T01:28:00.488861+00:00
1d0b3025-c7a6-4d41-b3a6-dd7039dac570,Google Sheets - METAS_DIA_CANAL_ACAO → Snowflake - RAW_MARKETING - MARKETING,success,2026-08-29T23:30:01Z,99.7,2026-08-30T01:28:00.488890+00:00
0d98f09b-148c-427c-b35b-79fd89daa949,Postgres - SUNO CORE PROD → Snowflake - RAW_SUNO_CORE  - SUNO_CORE_PROD,success,2026-08-29T23:30:05Z,99.8,2026-08-30T01:28:00.488898+00:00
4f0ec015-8a73-45fb-9b1e-a8cdfe393c1a,HOURLY UPDATE - Salesforce → Snowflake - RAW_SALESFORCE - Salesforce,success,2026-08-30T01:00:03Z,87.4,2026-08-30T01:28:00.488904+00:00
6c9e7c3b-4181-4c18-b062-32484015a2d2,Google Sheets - LEADS_FUNIL_SUBFUNIL_DE_PARA → Snowflake - RAW_MARKETING - LEADS,success,2026-08-30T00:00:04Z,99.9,2026-08-30T01:28:00.488915+00:00
5be446c9-e5cc-4c53-adf8-76d4e9ec634a,SUNO - SQL_SERVER_NEXXUS_SUNO - SNOW_RAW_SUNO_LEGADO_NEXXUS,success,2026-08-30T07:30:01Z,96.7,2026-08-30T08:30:33.330277+00:00
ceba8008-0786-4211-ba9b-6c20d1374502,Google Sheets - PEERS_FUNDS_SUNO → Snowflake - RAW_SUNO_LEGADO - ASSET,success,2026-08-30T02:15Z,99.5,2026-08-30T08:30:33.330294+00:00
23812f93-58f6-468b-a5f4-c2a9c597b7c1,Google Ads → Snowflake - RAW_MARKETING - GOOGLE_ADS,success,2026-08-30T07:00:03Z,92.9,2026-08-30T08:30:33.330311+00:00
8bdd9242-6ee0-44c5-a899-bf133697f807,Postgres PROJ IA → Snowflake RAW_SUNO_LEGADO.PROJ_IA_WA_RS,success,2026-08-30T06:00:04Z,99.7,2026-08-30T08:30:33.330315+00:00
1d0b3025-c7a6-4d41-b3a6-dd7039dac570,Google Sheets - METAS_DIA_CANAL_ACAO → Snowflake - RAW_MARKETING - MARKETING,success,2026-08-30T07:30:01Z,99.7,2026-08-30T08:30:33.330319+00:00
05c4b87d-a3af-446a-b4cc-cbf6c2a48f23,Google Sheets → Snowflake - RAW_MARKETING - MARKETING,success,2026-08-30T03:00:03Z,99.9,2026-08-30T08:30:33.330323+00:00
51a1d5d9-107e-4a66-b6c7-c47253b79e18,STOCKS - PG_SI_APP_READER - SNOW_RAW_STATUS_INVEST,success,2026-08-30T08:00:04Z,97.4,2026-08-30T08:30:33.330330+00:00
3386e6ff-87cf-4c56-aca7-7da141afeef7,Salesforce → Snowflake - RAW_SALESFORCE - Salesforce,success,2026-08-30T06:00:04Z,90.8,2026-08-30T08:30:33.330334+00:00
ec4c514b-8b0c-4292-866c-b212c903d0ba,SECURITY - PG_SI_APP_READER - SNOW_RAW_STATUS_INVEST,success,2026-08-30T08:00:04Z,98.9,2026-08-30T08:30:33.330338+00:00
c9de6ee6-dd80-4b14-bf4a-5b790f8396e1,Google Sheets - PVP_QUANTUM → Snowflake - RAW_SUNO_LEGADO - ASSET,success,2026-08-30T04:00:03Z,99.6,2026-08-30T08:30:33.330342+00:00
56f0de5d-aa42-4d53-b757-12940e91f589,Instagram → Snowflake - RAW_MARKETING - INSTAGRAM,success,2026-08-30T03:00:04Z,98.4,2026-08-30T08:30:33.330350+00:00
d922614d-c46d-446a-9040-b3f0370d2097,Monday - CONSULTORIA STVM → Snowflake - CONSULTORIA MONDAY,success,2026-08-30T05:00:04Z,100.0,2026-08-30T08:30:33.330354+00:00
0987bf5b-66f1-4e90-90a9-e48813fa232a,Google Sheets - Clientes Consultoria → Snowflake - RAW_SUNO_LEGADO - CONSULTORIA,success,2026-08-30T03:00:04Z,99.9,2026-08-30T08:30:33.330360+00:00
12ed3b4d-4f9a-4281-8547-e177c74f015b,BASE - PG_SI_APP_APP_READER - SNOW_RAW_STATUS_INVEST,success,2026-08-30T08:00:04Z,97.8,2026-08-30T08:30:33.330364+00:00
5cff4403-60e7-49ba-8ded-23d0b12b387f,Postgres - SUNO MINUTO → Snowflake RAW SUNO_LEGADO,success,2026-08-30T05:00:04Z,99.7,2026-08-30T08:30:33.330368+00:00
688b34d0-86df-465f-a166-2352006541bf,CURRENCY - PG_SI_APP_APP_READER - SNOW_RAW_STATUS_INVEST,success,2026-08-30T08:00:04Z,99.2,2026-08-30T08:30:33.330372+00:00
4a3f1a36-b471-4e82-8091-5a1856b92725,SUNO_OMS - SQL_SERVER_NEXXUS_SUNO_OMS - SNOW_RAW_SUNO_LEGADO_NEXXUS,success,2026-08-30T07:30:01Z,96.9,2026-08-30T08:30:33.330380+00:00
6c9e7c3b-4181-4c18-b062-32484015a2d2,Google Sheets - LEADS_FUNIL_SUBFUNIL_DE_PARA → Snowflake - RAW_MARKETING - LEADS,success,2026-08-30T06:00:04Z,99.9,2026-08-30T08:30:33.330384+00:00
ba1f277e-9685-4f09-b6f8-2d44320eafa8,Postgres - Status Invest - CONSOLIDATIONHISTORY→ Snowflake - RAW STATUS_INVEST,success,2026-08-30T06:00:04Z,99.5,2026-08-30T08:30:33.330387+00:00
3920c00a-9b2b-4658-895b-410e6379c364,Google Sheets - AuC Consultoria Historica → Snowflake - RAW_SUNO_LEGADO - CONSULTORIA,success,2026-08-30T07:00:03Z,99.7,2026-08-30T08:30:33.330390+00:00
4a09c14d-81f1-48b3-bf88-d179a8104f3c,BONDS - PG_SI_APP_APP_READER - SNOW_RAW_STATUS_INVEST,success,2026-08-30T09:30:01Z,97.6,2026-08-30T14:32:46.469110+00:00
5f245b95-27a1-4914-98bc-096f7284dbab,HISTORY - PG_SI_APP_READER - SNOW_RAW_STATUS_INVEST,success,2026-08-30T09:30:01Z,96.9,2026-08-30T14:32:46.469128+00:00
45bb5027-f991-4f30-a37f-81534c9a16e3,OPTIONS - PG_SI_APP_READER - SNOW_RAW_STATUS_INVEST,success,2026-08-30T09:00:05Z,97.9,2026-08-30T14:32:46.469133+00:00
7c1d9e28-a67b-4f0a-831e-dfef70578e47,FIIS - PG_SUNO_SI_APP_READER - SNOW_RAW_SUNO_LEGADO,success,2026-08-30T08:30:01Z,97.8,2026-08-30T14:32:46.469136+00:00
ceba8008-0786-4211-ba9b-6c20d1374502,Google Sheets - PEERS_FUNDS_SUNO → Snowflake - RAW_SUNO_LEGADO - ASSET,success,2026-08-30T14:15Z,99.5,2026-08-30T14:32:46.469142+00:00
59d8b9df-c0e3-4e5c-8d48-95afb61df238,Supabase → Snowflake - RAW_SUNO_LEGADO - SUNO_CODE,success,2026-08-30T13:00:03Z,99.7,2026-08-30T14:32:46.469145+00:00
80290713-fc1b-4cf2-9c29-ec5fef7ceaa9,Google Sheets - SUNOCODE ALWAYS ON → Snowflake - RAW_MARKETING - MARKETING,success,2026-08-30T12:00:04Z,99.8,2026-08-30T14:32:46.469148+00:00
c4fd546a-c5bb-442c-adde-dd0c0a8abeff,Google Sheets - Bases XP SEGUROS → Snowflake RAW_SUNO_LEGADO - ASSESSORIA,success,2026-08-30T14:00:03Z,100.0,2026-08-30T14:32:46.469151+00:00
6f8f89d8-6455-4d90-8cbc-12ab9b8de181,FIAGRO - PG_SI_APP_APP_READER - SNOW_RAW_STATUS_INVEST,success,2026-08-30T09:30:01Z,97.6,2026-08-30T14:32:46.469156+00:00
e1214b2b-0a97-4aa5-ac0e-254489ae6509,Google Sheets - Cadastro Consultoria → Snowflake,success,2026-08-30T09:00:05Z,99.4,2026-08-30T14:32:46.469159+00:00
677151fb-7c9d-49e1-ae89-5afc9ec983c3,STATISTICS - PG_SI_APP_READER - SNOW_RAW_STATUS_INVEST,success,2026-08-30T10:00:03Z,97.9,2026-08-30T14:32:46.469164+00:00
8b2adbe2-7fe8-49da-a9f5-3bc24e35cbf6,Postgres - SUNO CORE PROD Daily → Snowflake - RAW_SUNO_CORE  - SUNO_CORE_PROD,success,2026-08-30T10:30:06Z,99.2,2026-08-30T14:32:46.469167+00:00
548cf28d-9938-43fc-bde3-9d9399f51b66,ASSETS - PG_SI_APP_READER - SNOW_RAW_STATUS_INVEST,success,2026-08-30T08:30:01Z,97.4,2026-08-30T14:32:46.469170+00:00
915140b0-0f5d-4db3-8090-db9b8010838e,Google Sheets - LEAD_MAGNETS_TRACKING → Snowflake - RAW_MARKETING - MARKETING,success,2026-08-30T11:00:04Z,99.8,2026-08-30T14:32:46.469173+00:00
7e599bb1-e300-4c67-ba47-ed9564535e37,SECTORS - PG_SI_APP_READER - SNOW_RAW_STATUS_INVEST,success,2026-08-30T09:00:05Z,97.8,2026-08-30T14:32:46.469176+00:00
b1715420-95e8-44cd-806c-1adf6bb4561c,INTEGRATION - PG_SI_APP_READER - SNOW_RAW_STATUS_INVEST,success,2026-08-30T10:00:03Z,97.9,2026-08-30T14:32:46.469178+00:00
5d5f9d11-13d5-4a5b-92b8-41107f6ef613,CRYPTOCOINS - PG_SI_APP_APP_READER - SNOW_RAW_STATUS_INVEST,success,2026-08-30T09:30:01Z,97.6,2026-08-30T14:32:46.469182+00:00
5ad517f4-569c-4ffe-bcb2-a0e5e82cec46,ETF - PG_SUNO_APP_READER - SNOW_RAW_SUNO_LEGADO,success,2026-08-30T09:00:05Z,97.9,2026-08-30T14:32:46.469185+00:00
d4999940-c81c-4069-a501-c999fd89bc67,Google Sheets - BI Cotação USD → Snowflake RAW_SUNO_LEGADO - ASSESSORIA,success,2026-08-30T14:00:03Z,100.0,2026-08-30T14:32:46.469190+00:00
1d0b3025-c7a6-4d41-b3a6-dd7039dac570,Google Sheets - METAS_DIA_CANAL_ACAO → Snowflake - RAW_MARKETING - MARKETING,success,2026-08-30T11:30:01Z,99.7,2026-08-30T14:32:46.469193+00:00
b5e074b9-b16c-4039-92d4-da8e7bc974c6,WALLET - PG_SI_WALLET_READER POSITIONBROKER → SNOW_RAW_STATUS_INVEST,success,2026-08-30T09:00:05Z,97.8,2026-08-30T14:32:46.469196+00:00
05c4b87d-a3af-446a-b4cc-cbf6c2a48f23,Google Sheets → Snowflake - RAW_MARKETING - MARKETING,success,2026-08-30T09:00:05Z,99.9,2026-08-30T14:32:46.469199+00:00
73455d19-5318-4c5c-aa52-c3c71c8d2ef5,BDRS - PG_SI_APP_READER - SNOW_RAW_STATUS_INVEST,success,2026-08-30T08:30:01Z,97.4,2026-08-30T14:32:46.469202+00:00
0d98f09b-148c-427c-b35b-79fd89daa949,Postgres - SUNO CORE PROD → Snowflake - RAW_SUNO_CORE  - SUNO_CORE_PROD,success,2026-08-30T11:30:08Z,99.8,2026-08-30T14:32:46.469213+00:00
5bd74dda-e532-4e92-a543-05498761c901,Google Sheets - MAGNET VS NEGÓCIO → Snowflake - RAW_MARKETING - MARKETING,success,2026-08-30T09:00:05Z,99.7,2026-08-30T14:32:46.469217+00:00
d77e3767-049a-47dd-a225-7e4a265b3643,INDICES - PG_SI_APP_READER - SNOW_RAW_STATUS_INVEST,success,2026-08-30T09:00:04Z,97.4,2026-08-30T14:32:46.469220+00:00
4f870f22-cc2a-4fe1-8846-1845e65ebfee,WALLET - PG_SI_WALLET_READER→ SNOW_RAW_STATUS_INVEST,success,2026-08-30T10:30:01Z,96.7,2026-08-30T14:32:46.469223+00:00
d56a1404-2429-48c8-a012-0906df3fee69,Postgres SUNO app_api → Snowflake RAW SUNO_LEGADO,success,2026-08-30T10:00:04Z,99.8,2026-08-30T14:32:46.469226+00:00
ceeffe40-4951-4206-9699-58d9a093c46d,Google Sheets - META ANIVERSARIO 2025 → Snowflake - RAW_MARKETING - MARKETING,success,2026-08-30T12:00:04Z,99.8,2026-08-30T14:32:46.469230+00:00
56f0de5d-aa42-4d53-b757-12940e91f589,Instagram → Snowflake - RAW_MARKETING - INSTAGRAM,success,2026-08-30T09:00:05Z,98.4,2026-08-30T14:32:46.469234+00:00
4f0ec015-8a73-45fb-9b1e-a8cdfe393c1a,HOURLY UPDATE - Salesforce → Snowflake - RAW_SALESFORCE - Salesforce,success,2026-08-30T13:00:03Z,87.6,2026-08-30T14:32:46.469237+00:00
8ba67994-cc7a-46fa-9527-4c2993907dde,INDEXERS - PG_SI_APP_READER - SNOW_RAW_STATUS_INVEST,success,2026-08-30T09:30:01Z,97.8,2026-08-30T14:32:46.469240+00:00
846e257d-8302-481c-bb01-11ba8b4eb733,Google Sheets - BASE_METAS MARKETING → Snowflake - RAW_MARKETING - MARKETING,success,2026-08-30T12:00:04Z,99.8,2026-08-30T14:32:46.469245+00:00
df9cd9ea-3317-4020-b675-515fe764ebb2,FUNDOSINVESTIMENTOS - PG_SI_APP_READER - SNOW_RAW_STATUS_INVEST,success,2026-08-30T08:30:01Z,97.4,2026-08-30T14:32:46.469248+00:00
748a5e2b-7de9-49b5-bba7-50edfb444752,SQL Server - NEXXUS - SUNO → Snowflake RAW.NEXXUS,success,2026-08-30T14:05:49Z,100.0,2026-08-30T14:32:46.469252+00:00
0987bf5b-66f1-4e90-90a9-e48813fa232a,Google Sheets - Clientes Consultoria → Snowflake - RAW_SUNO_LEGADO - CONSULTORIA,success,2026-08-30T09:00:04Z,99.9,2026-08-30T14:32:46.469255+00:00
e10ef7f6-86c8-4533-8275-28cbe38a6cfe,WALLETSTATISTICS - PG_SI_WALLET_READER GENERALSTATISTICS→ SNOW_RAW_STATUS_INVEST,success,2026-08-30T11:30:01Z,98.2,2026-08-30T14:32:46.469266+00:00
279ba07c-69cc-4426-b351-d10c3c01bd7e,AAI - PG_SI_APP - SNOW_RAW_STATUS_INVEST,success,2026-08-30T09:00:05Z,97.6,2026-08-30T14:32:46.469271+00:00
6c9e7c3b-4181-4c18-b062-32484015a2d2,Google Sheets - LEADS_FUNIL_SUBFUNIL_DE_PARA → Snowflake - RAW_MARKETING - LEADS,success,2026-08-30T12:00:04Z,99.9,2026-08-30T14:32:46.469274+00:00
3513df64-a6a5-484d-abe6-0f8bd12a704e,Google Sheets - Movimentação Consultor - Consultoria → Snowflake - RAW - MOVIMENTAÇÃO DE CONSULTOR,success,2026-08-30T09:00:05Z,100.0,2026-08-30T14:32:46.469279+00:00
ceba8008-0786-4211-ba9b-6c20d1374502,Google Sheets - PEERS_FUNDS_SUNO → Snowflake - RAW_SUNO_LEGADO - ASSET,success,2026-08-30T21:15Z,99.5,2026-08-30T22:04:15.737184+00:00
59d8b9df-c0e3-4e5c-8d48-95afb61df238,Supabase → Snowflake - RAW_SUNO_LEGADO - SUNO_CODE,success,2026-08-30T21:00:04Z,99.7,2026-08-30T22:04:15.737211+00:00
809885d2-aa39-414d-a4e5-c680bd445f8b,Google Sheets - Equipe → Snowflake RAW_SUNO_LEGADO - ASSESSORIA,success,2026-08-30T15:00:05Z,100.0,2026-08-30T22:04:15.737218+00:00
76041c8e-372a-48f6-8c6c-c8cd17ad5cde,Google Sheets - CANAL VS LEAD → Snowflake - RAW_MARKETING - MARKETING,success,2026-08-30T16:00:04Z,100.0,2026-08-30T22:04:15.737222+00:00
d7c2d4ae-ffc2-4141-b0e3-c968cdbec711,Google Sheets - BASES CS4 - Acompanhamento Produção Emissão → Snowflake RAW_SUNO_LEGADO - ASSESSORIA,success,2026-08-30T15:00:05Z,100.0,2026-08-30T22:04:15.737229+00:00
237199f0-4810-4613-8229-c6904f3b57e3,Google Sheets - META_LEADS → Snowflake - RAW_MARKETING - MARKETING,success,2026-08-30T19:00:04Z,100.0,2026-08-30T22:04:15.737233+00:00
32ef74b7-bf18-460b-91fc-f34b1e1de958,PAYMENTS - PG_SUNO - SNOW_RAW_SUNO_LEGADO,success,2026-08-30T19:00:04Z,99.4,2026-08-30T22:04:15.737236+00:00
1d0b3025-c7a6-4d41-b3a6-dd7039dac570,Google Sheets - METAS_DIA_CANAL_ACAO → Snowflake - RAW_MARKETING - MARKETING,success,2026-08-30T19:30Z,99.7,2026-08-30T22:04:15.737251+00:00
05c4b87d-a3af-446a-b4cc-cbf6c2a48f23,Google Sheets → Snowflake - RAW_MARKETING - MARKETING,success,2026-08-30T21:00:04Z,99.9,2026-08-30T22:04:15.737256+00:00
a4525850-86b3-41bb-afb6-730925c715d1,Google Sheets - COMUNIDADE_VIVA_DIVIDENDOS_CONTATOS → Snowflake - RAW_MARKETING - MARKETING,success,2026-08-30T17:00:03Z,100.0,2026-08-30T22:04:15.737263+00:00
4510372f-9143-4e2d-b03c-7812605ee9ec,Google Sheets - WEALTH → Snowflake - WEALTH,success,2026-08-30T16:00:04Z,100.0,2026-08-30T22:04:15.737266+00:00
ce0fe804-a5b4-41bb-8756-a5f0cfd8ca88,Postgres - Status Invest - Wallet Reader → Snowflake - RAW STATUS_INVEST,success,2026-08-30T20:44:05Z,100.0,2026-08-30T22:04:15.737271+00:00
875f4425-a9b7-45d8-98b5-b2943fb2a7b5,Google Sheets - BI QTD_ASSESSORES → Snowflake RAW_SUNO_LEGADO - ASSESSORIA,success,2026-08-30T16:00:04Z,100.0,2026-08-30T22:04:15.737275+00:00
0d98f09b-148c-427c-b35b-79fd89daa949,Postgres - SUNO CORE PROD → Snowflake - RAW_SUNO_CORE  - SUNO_CORE_PROD,success,2026-08-30T20:30:05Z,99.8,2026-08-30T22:04:15.737280+00:00
0977051e-a19b-4140-ace3-a67ec1775fe7,Google Sheets - WEALTH_AUM_XP_US → Snowflake - RAW_SUNO_LEGADO - WEALTH,success,2026-08-30T16:30:01Z,100.0,2026-08-30T22:04:15.737292+00:00
f4587ca1-786f-464a-bd15-fee6cac2cc56,Google Sheets - SUNOCODE 11/2025 → Snowflake - RAW_MARKETING - MARKETING,success,2026-08-30T18:35:39Z,99.9,2026-08-30T22:04:15.737295+00:00
56f0de5d-aa42-4d53-b757-12940e91f589,Instagram → Snowflake - RAW_MARKETING - INSTAGRAM,success,2026-08-30T21:00:04Z,98.4,2026-08-30T22:04:15.737298+00:00
4f0ec015-8a73-45fb-9b1e-a8cdfe393c1a,HOURLY UPDATE - Salesforce → Snowflake - RAW_SALESFORCE - Salesforce,success,2026-08-30T21:00:04Z,87.8,2026-08-30T22:04:15.737302+00:00
0987bf5b-66f1-4e90-90a9-e48813fa232a,Google Sheets - Clientes Consultoria → Snowflake - RAW_SUNO_LEGADO - CONSULTORIA,success,2026-08-30T21:00:04Z,99.9,2026-08-30T22:04:15.737313+00:00
37fb6f66-435c-45a4-b101-d10ddebd0133,Google Sheets - SALDOS_BTG_XP → Snowflake - RAW_SUNO_LEGADO - ASSET,success,2026-08-30T16:30:01Z,99.4,2026-08-30T22:04:15.737316+00:00
0dabe0fa-c09c-4f19-8243-af7274405a7f,Google Sheets - BI METAS → Snowflake RAW_SUNO_LEGADO - ASSESSORIA,success,2026-08-30T15:00:05Z,100.0,2026-08-30T22:04:15.737323+00:00
cbaab7c3-d9eb-49ff-a2db-cc67054d553c,Google Sheets - Fundos e Pares → Snowflake - RAW_MARKETING - MIDIAS,success,2026-08-30T16:00:04Z,100.0,2026-08-30T22:04:15.737331+00:00
a428a846-88cd-4b4d-8d95-116439a9c2c7,SALES - PG_SI_APP - SNOW_RAW_STATUS_INVEST,success,2026-08-30T18:00:03Z,95.1,2026-08-30T22:04:15.737337+00:00
6c9e7c3b-4181-4c18-b062-32484015a2d2,Google Sheets - LEADS_FUNIL_SUBFUNIL_DE_PARA → Snowflake - RAW_MARKETING - LEADS,success,2026-08-30T21:00:04Z,99.9,2026-08-30T22:04:15.737343+00:00
ceba8008-0786-4211-ba9b-6c20d1374502,Google Sheets - PEERS_FUNDS_SUNO → Snowflake - RAW_SUNO_LEGADO - ASSET,success,2026-08-31T00:15Z,99.5,2026-08-31T00:49:12.096373+00:00
1d0b3025-c7a6-4d41-b3a6-dd7039dac570,Google Sheets - METAS_DIA_CANAL_ACAO → Snowflake - RAW_MARKETING - MARKETING,success,2026-08-30T23:30:01Z,99.7,2026-08-31T00:49:12.096405+00:00
0d98f09b-148c-427c-b35b-79fd89daa949,Postgres - SUNO CORE PROD → Snowflake - RAW_SUNO_CORE  - SUNO_CORE_PROD,success,2026-08-30T23:30:05Z,99.8,2026-08-31T00:49:12.096415+00:00
4f0ec015-8a73-45fb-9b1e-a8cdfe393c1a,HOURLY UPDATE - Salesforce → Snowflake - RAW_SALESFORCE - Salesforce,success,2026-08-30T23:00:03Z,87.9,2026-08-31T00:49:12.096423+00:00
6c9e7c3b-4181-4c18-b062-32484015a2d2,Google Sheets - LEADS_FUNIL_SUBFUNIL_DE_PARA → Snowflake - RAW_MARKETING - LEADS,success,2026-08-31T00:00:03Z,99.9,2026-08-31T00:49:12.096438+00:00
ceba8008-0786-4211-ba9b-6c20d1374502,Google Sheets - PEERS_FUNDS_SUNO → Snowflake - RAW_SUNO_LEGADO - ASSET,success,2026-08-31T02:15Z,99.5,2026-08-31T07:10:38.979191+00:00
23812f93-58f6-468b-a5f4-c2a9c597b7c1,Google Ads → Snowflake - RAW_MARKETING - GOOGLE_ADS,running,2026-08-31T07:00:03Z,92.9,2026-08-31T07:10:38.979221+00:00
8bdd9242-6ee0-44c5-a899-bf133697f807,Postgres PROJ IA → Snowflake RAW_SUNO_LEGADO.PROJ_IA_WA_RS,success,2026-08-31T06:00:04Z,99.7,2026-08-31T07:10:38.979228+00:00
1d0b3025-c7a6-4d41-b3a6-dd7039dac570,Google Sheets - METAS_DIA_CANAL_ACAO → Snowflake - RAW_MARKETING - MARKETING,success,2026-08-31T03:30:01Z,99.7,2026-08-31T07:10:38.979232+00:00
05c4b87d-a3af-446a-b4cc-cbf6c2a48f23,Google Sheets → Snowflake - RAW_MARKETING - MARKETING,success,2026-08-31T03:00:03Z,99.9,2026-08-31T07:10:38.979236+00:00
8e574285-cff1-4cba-b457-644a2abbeae0,Instagram MEDIA → Snowflake - RAW_MARKETING - INSTAGRAM,running,2026-08-31T04:00:03Z,95.9,2026-08-31T07:10:38.979240+00:00
3386e6ff-87cf-4c56-aca7-7da141afeef7,Salesforce → Snowflake - RAW_SALESFORCE - Salesforce,running,2026-08-31T06:00:04Z,90.8,2026-08-31T07:10:38.979247+00:00
0d98f09b-148c-427c-b35b-79fd89daa949,Postgres - SUNO CORE PROD → Snowflake - RAW_SUNO_CORE  - SUNO_CORE_PROD,success,2026-08-31T05:00:08Z,99.8,2026-08-31T07:10:38.979252+00:00
c9de6ee6-dd80-4b14-bf4a-5b790f8396e1,Google Sheets - PVP_QUANTUM → Snowflake - RAW_SUNO_LEGADO - ASSET,success,2026-08-31T04:00:03Z,99.6,2026-08-31T07:10:38.979255+00:00
56f0de5d-aa42-4d53-b757-12940e91f589,Instagram → Snowflake - RAW_MARKETING - INSTAGRAM,success,2026-08-31T03:00:03Z,98.4,2026-08-31T07:10:38.979264+00:00
4f0ec015-8a73-45fb-9b1e-a8cdfe393c1a,HOURLY UPDATE - Salesforce → Snowflake - RAW_SALESFORCE - Salesforce,success,2026-08-31T01:00:03Z,87.9,2026-08-31T07:10:38.979267+00:00
d922614d-c46d-446a-9040-b3f0370d2097,Monday - CONSULTORIA STVM → Snowflake - CONSULTORIA MONDAY,success,2026-08-31T05:00:03Z,100.0,2026-08-31T07:10:38.979271+00:00
0987bf5b-66f1-4e90-90a9-e48813fa232a,Google Sheets - Clientes Consultoria → Snowflake - RAW_SUNO_LEGADO - CONSULTORIA,success,2026-08-31T03:00:03Z,99.9,2026-08-31T07:10:38.979277+00:00
5cff4403-60e7-49ba-8ded-23d0b12b387f,Postgres - SUNO MINUTO → Snowflake RAW SUNO_LEGADO,success,2026-08-31T05:00:02Z,99.7,2026-08-31T07:10:38.979282+00:00
6c9e7c3b-4181-4c18-b062-32484015a2d2,Google Sheets - LEADS_FUNIL_SUBFUNIL_DE_PARA → Snowflake - RAW_MARKETING - LEADS,success,2026-08-31T06:00:04Z,99.9,2026-08-31T07:10:38.979294+00:00
ba1f277e-9685-4f09-b6f8-2d44320eafa8,Postgres - Status Invest - CONSOLIDATIONHISTORY→ Snowflake - RAW STATUS_INVEST,success,2026-08-31T06:00:04Z,99.5,2026-08-31T07:10:38.979298+00:00
3920c00a-9b2b-4658-895b-410e6379c364,Google Sheets - AuC Consultoria Historica → Snowflake - RAW_SUNO_LEGADO - CONSULTORIA,success,2026-08-31T07:00:02Z,99.7,2026-08-31T07:10:38.979301+00:00
